row	type	crmId	cbsId
1	PARTIAL_MATCH	080e7cf2-e21f-4c9e-ba8a-ea9146032c79	8b69ff3f-b3ab-4205-9661-81e690589be7
2	NEW	ad613aa4-f798-4f62-8076-8b5742d716c2	ad613aa4-f798-4f62-8076-8b5742d716c2
3	PARTIAL_MATCH	48884704-d4a2-44cd-9ea3-d267591c3c77	153549fa-da71-40e6-8ad7-22094e491dd5
4	NEW	59eaa484-0e07-4e60-a539-987bde0dfd80	59eaa484-0e07-4e60-a539-987bde0dfd80
5	NEW	2336cf6f-47d0-44e0-9482-50a9ac1d677c	2336cf6f-47d0-44e0-9482-50a9ac1d677c
6	PERFECT_MATCH	32514f9b-718c-46ba-8ca4-68d62d2fc386	939273cf-25db-417a-b58f-3537ba574346
7	PARTIAL_MATCH	a0d555f6-387e-48a8-a8bc-c8805f0b866b	a606bd31-ffc2-4914-89c4-f2bdfa1de4eb
8	NEW	bfeaffbf-eada-4aca-8810-46504022b755	bfeaffbf-eada-4aca-8810-46504022b755
9	NEW	c2e6f060-7c44-4982-8dd6-788935ea7b40	c2e6f060-7c44-4982-8dd6-788935ea7b40
10	PARTIAL_MATCH	6d62f188-c384-4278-ada8-2e037c062b3f	c1363310-9651-47aa-839f-300f29f03b3b
11	NEW	8eca05f3-aadc-4064-8a1f-13c13e671e8c	8eca05f3-aadc-4064-8a1f-13c13e671e8c
12	NEW	0ff56136-d891-420f-985d-950875e27a7c	0ff56136-d891-420f-985d-950875e27a7c
13	NEW	b7ead89b-eeb7-40fb-bd8c-4405feecd7fc	b7ead89b-eeb7-40fb-bd8c-4405feecd7fc
14	NEW	46edd522-cad2-4998-adb7-34a1fa98eefc	46edd522-cad2-4998-adb7-34a1fa98eefc
15	NEW	5af2d383-64e4-4af1-b176-d4144d84b067	5af2d383-64e4-4af1-b176-d4144d84b067
16	PERFECT_MATCH	290236fb-2279-4413-b4eb-2607e347546f	1f023f8a-6da5-43c2-bd70-908961aeb7f9
17	PARTIAL_MATCH	bab47fb9-de8a-41ca-a50e-7ed679779e05	3aacb375-221f-4973-a607-333c296da52f
18	PERFECT_MATCH	65f8345c-731a-45d2-ad41-6059f3a43b3d	7ea805fe-3fcc-4be4-b570-4d7382ef9b31
19	PARTIAL_MATCH	16a0149e-e7c2-48cc-9e85-585dfb2cbdae	3c918f13-6e22-4b2d-861c-1579377f8632
20	NEW	0781d8e6-0f8e-435e-86aa-8f104a5995f5	0781d8e6-0f8e-435e-86aa-8f104a5995f5
21	PERFECT_MATCH	93de4bdb-62de-4812-a2bc-10e6fd211ecb	6a7fb30f-1d5a-42c0-87c6-63a3f41e021c
22	NEW	a0627040-ffe9-4bda-a291-718c5eee7bef	a0627040-ffe9-4bda-a291-718c5eee7bef
23	NEW	369483b5-6d08-4108-bcde-1090b7762286	369483b5-6d08-4108-bcde-1090b7762286
24	NEW	caa21b58-623e-4441-a022-425255640bb0	caa21b58-623e-4441-a022-425255640bb0
25	PERFECT_MATCH	948912de-dac0-4dc7-9a2b-6d64d3e288b0	de30a970-91e4-4885-975e-18b1744abf9e
26	NEW	bed983ba-9fab-4f25-8c38-9133dd74637e	bed983ba-9fab-4f25-8c38-9133dd74637e
27	NEW	fb17f57d-585c-4c4e-85a1-eff368c5132c	fb17f57d-585c-4c4e-85a1-eff368c5132c
28	NEW	86a23595-24c7-45e2-851d-cdf83f0ca97d	86a23595-24c7-45e2-851d-cdf83f0ca97d
29	PERFECT_MATCH	b2cdd158-d41c-4157-adf2-b353f7256e32	9b5cbefc-f3d2-499b-8a58-a9cfe73ba294
30	PARTIAL_MATCH	3c7d94c9-9600-4087-a698-ee8cae53c7ce	5e546f15-c5f3-4959-911b-61181c68a959
31	PERFECT_MATCH	03fbf5a9-a47b-4e6c-aae6-31c47a54fa75	544972f1-e0a0-4e6d-a170-09851bc9e870
32	PARTIAL_MATCH	2e3dd9c6-c779-4dae-8d16-ced10cc146f3	03c36317-f72f-4b05-a74c-64fa2b13d94c
33	NEW	872178e2-ed97-45f8-be8a-e8653b394c2e	872178e2-ed97-45f8-be8a-e8653b394c2e
34	PARTIAL_MATCH	2b4703af-43bb-401d-b3d0-023fa3884feb	5a96fdd3-0cf6-4788-ba60-148ba0be6668
35	NEW	033525e1-ba41-4317-b42e-d90a6e456667	033525e1-ba41-4317-b42e-d90a6e456667
36	PARTIAL_MATCH	7426226c-a824-4fde-b32e-a7fe74273070	df004d4a-0707-4814-9c57-4d72262d2196
37	NEW	c83bd4c2-d750-4948-9fd2-b7e495364571	c83bd4c2-d750-4948-9fd2-b7e495364571
38	NEW	e9b45407-422c-4977-ba01-15589853387e	e9b45407-422c-4977-ba01-15589853387e
39	PARTIAL_MATCH	f3eefa65-40bb-425b-822c-c590be70b119	8ac1a7bc-3ed0-41ad-9f8e-909158ec0a0e
40	PERFECT_MATCH	ae87e78a-086e-46cc-88f1-a1e7a35d0d13	60871423-dbb0-46b2-a428-09329f1af076
41	NEW	4a94bed8-2f23-44bb-b652-e00462c9956f	4a94bed8-2f23-44bb-b652-e00462c9956f
42	PARTIAL_MATCH	2c93f212-86ea-4ff6-82d6-3b6daa92c9a2	ce659675-f6a3-4614-987b-ce0344aa43ad
43	PARTIAL_MATCH	6e725d4a-c52c-4c9e-97e5-750d4862dc4e	c8f51642-bc85-4679-8390-ba6ee7ccdb4a
44	NEW	5b3657a7-377b-4ce9-9a15-9240a497ee0c	5b3657a7-377b-4ce9-9a15-9240a497ee0c
45	PERFECT_MATCH	cbf2bec7-3bdd-4ebf-a694-fe65d3fc66c5	11d923cf-6930-44cd-bfed-934ea56088ba
46	PERFECT_MATCH	d6ba3006-712c-4d3c-8d86-82b9e3d9c1a4	f2497b3a-1302-4a23-b8a8-27acdcb674c6
47	PERFECT_MATCH	4d6f4dd1-7cec-4cc2-9c6c-1e3d902f4b36	37cb4be2-61ae-47c5-8108-3095500ee5ec
48	NEW	b0e7ad1e-0527-4599-a3c8-1bb1d3bad540	b0e7ad1e-0527-4599-a3c8-1bb1d3bad540
49	NEW	67221d67-5d32-4696-8051-5c36fb9cd266	67221d67-5d32-4696-8051-5c36fb9cd266
50	PARTIAL_MATCH	686a0d16-ea92-45c7-9a17-47fb49df4d7d	eaf4794a-89e9-4fb3-ad2c-33dbfd9ff4c0
51	NEW	49b61c72-804b-494a-a62a-42dcf14ea78a	49b61c72-804b-494a-a62a-42dcf14ea78a
52	NEW	722bafc5-c3bd-4851-b2d6-7c61f47b9be5	722bafc5-c3bd-4851-b2d6-7c61f47b9be5
53	PARTIAL_MATCH	891b3cac-08e4-4420-b09b-7c9da79d3244	52033153-dd21-4a6c-b36f-8a5ba47b9ce3
54	PARTIAL_MATCH	05a2bb6d-0edd-4743-9fcd-3b8a919dcb27	ee8d096a-4c90-483b-bfeb-b72c3e92bcbb
55	PERFECT_MATCH	1d231168-ba49-4e4b-968d-951bcfe5fb27	4df9a8e8-0c45-42ed-b1b0-00d1287824a0
56	NEW	ec4f1406-b733-4d4a-bd39-f90262cabcfb	ec4f1406-b733-4d4a-bd39-f90262cabcfb
57	PERFECT_MATCH	0db29a64-237e-45c0-a6b8-f5845b66c667	6132a7c5-047e-4fff-a8a8-1e187ebd2fe6
58	PERFECT_MATCH	b51750e2-7a9c-4665-b5a5-9c3d3ebc86e4	50441f83-5aee-42b2-a5c2-c380392be5d7
59	NEW	bead08cf-d57a-464a-b17f-520638df677c	bead08cf-d57a-464a-b17f-520638df677c
60	NEW	29495455-09c0-4132-b38d-f2e35f060476	29495455-09c0-4132-b38d-f2e35f060476
61	NEW	9d8f7bc6-0096-4f54-88d2-ad16086e4fc2	9d8f7bc6-0096-4f54-88d2-ad16086e4fc2
62	PARTIAL_MATCH	ef538d68-5efa-4118-826e-c8464f1deefa	63c51fa0-fa5d-4491-b0b6-7896dfe04928
63	PERFECT_MATCH	80617a8b-5e2a-468b-b8de-6c6954262789	fb5b3fde-81f8-4c7b-bd1f-35ecbd14eaf7
64	PARTIAL_MATCH	0cdbe5ea-f9b6-4b2a-9d92-80c1215a0d69	b1381372-737f-49ff-8fbf-ced78b106504
65	NEW	b6133101-c7ba-4c20-b7d4-8f213ed8c89d	b6133101-c7ba-4c20-b7d4-8f213ed8c89d
66	PARTIAL_MATCH	3e084b92-0ad6-4626-a5fc-a41f91752b40	59d55396-47a6-424a-8509-b78f49dcf433
67	NEW	804ea7a2-dc24-4ae3-b9d5-22442b7a2eb2	804ea7a2-dc24-4ae3-b9d5-22442b7a2eb2
68	PARTIAL_MATCH	cc8ff844-daa0-4fdd-8b69-dee6b11b1a8d	0d2c01d9-9881-40a7-8981-c4aa55c1cc61
69	PARTIAL_MATCH	1cc2be34-bd95-44ff-be37-f049a129dcc8	74d7520e-7c70-419f-8559-0403bc7fc634
70	NEW	b387b290-6414-4b93-b079-5c1b176dd5ad	b387b290-6414-4b93-b079-5c1b176dd5ad
71	PERFECT_MATCH	9c82d40f-f3e3-44cc-9fee-c587422bd0ed	085bea6a-4e7e-42c2-b9b7-c34011c51b14
72	NEW	2bf9153b-f8bf-48b3-9da8-cdd6a7cd8466	2bf9153b-f8bf-48b3-9da8-cdd6a7cd8466
73	PERFECT_MATCH	69e0afd1-cbdf-441d-b671-f5797f9d7e81	5c67e753-b6c9-459a-8a36-575f802da024
74	PARTIAL_MATCH	b6b8d7ab-e519-4319-974d-e709c412ef26	311371ff-8876-4eef-a198-e01ff384da3f
75	PARTIAL_MATCH	742333ae-5b9c-4726-a2d1-503f3dd2a300	6d7e02fb-0bde-4b5b-a30f-1dfc66bdb93f
76	PERFECT_MATCH	89e79216-cd26-4cb6-bd2d-d6495a2de3b4	0b990e63-7ce7-4b71-8936-26297e229924
77	NEW	6985a12b-4c2e-4e19-9493-c719873355c6	6985a12b-4c2e-4e19-9493-c719873355c6
78	NEW	5b2d6a50-a5fc-41cc-85b6-98922a8a7a98	5b2d6a50-a5fc-41cc-85b6-98922a8a7a98
79	NEW	1094f27b-80ff-4932-b67e-960e24601d81	1094f27b-80ff-4932-b67e-960e24601d81
80	NEW	48f9d354-eb8b-4a07-8f72-f104da7a8d1b	48f9d354-eb8b-4a07-8f72-f104da7a8d1b
81	PERFECT_MATCH	ac1fe280-4448-47c7-9b8f-f95db8aebbc7	db04beb6-955b-40b4-beff-2298e7504650
82	NEW	b5041124-bf74-4cff-b148-3e4f84959474	b5041124-bf74-4cff-b148-3e4f84959474
83	NEW	521b0e42-2661-462a-b442-1dfa8a5219cd	521b0e42-2661-462a-b442-1dfa8a5219cd
84	PARTIAL_MATCH	39ef7cec-aa95-48f1-b1e9-02969e68723e	5d333c59-65bd-4810-b138-6390d3845c2e
85	PERFECT_MATCH	02195094-c5a5-4ec4-9cd2-e108fafccc01	cac19d51-b836-40f2-ae09-5194aa4d94e3
86	PARTIAL_MATCH	362f819a-6421-475a-a931-ad24e4e661aa	4e1b39b5-ab5c-44ec-beb2-d2c6fe8b3928
87	PARTIAL_MATCH	1351caec-7a39-4597-bd1b-25ecfeb4a5aa	4cb5a083-e80b-4a4c-aa6e-4cb0fcdd9082
88	PERFECT_MATCH	42448190-372a-4c47-96df-f013c5a506c3	647ce9ca-4945-40fe-a0af-15f33ca56e03
89	PERFECT_MATCH	7d91e89e-b7f3-411b-9c54-394e71e3994b	fee45009-89e8-4f45-bd87-2998ccdba1ab
90	NEW	76456f6c-2819-4e4c-bd3b-5675c0acdf8b	76456f6c-2819-4e4c-bd3b-5675c0acdf8b
91	PARTIAL_MATCH	f2a7700e-0c45-4bd8-8e4a-ac28b1cf559e	6ed4b3ae-c62a-443f-881c-3796933d992b
92	NEW	c950a09e-6ea9-43de-92ec-1bfa35ab7ae0	c950a09e-6ea9-43de-92ec-1bfa35ab7ae0
93	NEW	4b3865a2-3de7-4f53-86c9-82c0d9deaf31	4b3865a2-3de7-4f53-86c9-82c0d9deaf31
94	PARTIAL_MATCH	849701c4-08b7-43d4-a71d-c2798723b089	4144b242-aacc-426a-8e1d-a09d648da9de
95	PERFECT_MATCH	0cb4c01b-1a1d-4d88-b403-e2bcda8ccce3	8b860157-c7ce-40b4-ae5f-6b0a8c6f1edd
96	PERFECT_MATCH	0d9f87b1-925f-4d87-927a-f0b3897e1e9d	3162f47e-50fb-4cc7-9d4c-6e246e9502d3
97	PARTIAL_MATCH	780f4bb8-5dcc-4482-b954-bede8703b278	dd497dcc-fcc1-4338-8e46-59412a0acb52
98	NEW	8c8c54dc-2431-4a75-a4e7-d8c01e454630	8c8c54dc-2431-4a75-a4e7-d8c01e454630
99	NEW	f94dd357-1166-47ad-898c-957ce47c9177	f94dd357-1166-47ad-898c-957ce47c9177
100	NEW	18292719-2684-4043-9702-b1fd2326087c	18292719-2684-4043-9702-b1fd2326087c
101	PERFECT_MATCH	42000310-2872-43c8-9bd7-bef958ea7001	62d28500-be18-43cb-b63b-2ad716ee0863
102	PERFECT_MATCH	fc56ef15-284b-4df9-a05e-3d79da178f75	cd9eb154-545c-4664-8bee-9daffe84ff37
103	PERFECT_MATCH	8314bf69-7910-4a49-ba5e-8b4b68e4d07b	c1a50f45-ef73-4715-ba7b-cbe3c42f6064
104	NEW	c50d7b81-db2a-48ce-b077-c314e880dce7	c50d7b81-db2a-48ce-b077-c314e880dce7
105	PERFECT_MATCH	417cd690-f21f-491a-bf23-a463847be01a	a1badc8f-87d2-42d5-9c7e-4d9d70be721f
106	NEW	c3e43173-5a1a-4d92-a703-4b68dbf711bf	c3e43173-5a1a-4d92-a703-4b68dbf711bf
107	NEW	acda4c1f-7059-4722-8f48-fc2a70a8f03b	acda4c1f-7059-4722-8f48-fc2a70a8f03b
108	PARTIAL_MATCH	ae53d96a-3b3e-4acc-84b9-f13f62949da7	14652db5-05fa-4f84-b8c6-2e8567d8e8c3
109	PARTIAL_MATCH	1da58cff-5a7b-41f1-9277-b13fb46e815d	e6eec9f9-0ba5-4879-8a3f-9a2ab2a6b932
110	PERFECT_MATCH	132e8549-0e83-489e-bcac-216d55ef18e8	3d8cbc03-ed30-4e96-8800-ab6946fda0e3
111	NEW	c3740acd-7123-4f29-bba5-1c0490f76fe5	c3740acd-7123-4f29-bba5-1c0490f76fe5
112	NEW	38c06ef5-04e7-4000-8cb7-9ec57063326d	38c06ef5-04e7-4000-8cb7-9ec57063326d
113	PERFECT_MATCH	fac734ea-cd54-4a48-a6c5-bb9876e5b6c0	25aa1207-cf5c-47ac-96f5-b8fc265f4058
114	PERFECT_MATCH	163536cd-13b6-4ee3-a924-5a881be58b9d	b1393b24-6230-456b-aaaf-bd90e2a64a02
115	PARTIAL_MATCH	6577124b-a424-43c0-aeb2-fe8828faab95	7701ad3e-03a1-4538-973e-147f9f252e6c
116	PERFECT_MATCH	fe2c3536-b1dd-4192-8e6f-490c90475e57	9a57ef0e-c176-49e2-bcda-b8c9ef96a5bf
117	PERFECT_MATCH	4dc9131d-c5be-441f-8771-20262effee63	30c822b3-672f-46db-9fe1-4064d0c27063
118	PARTIAL_MATCH	33c75670-e8c0-4a8b-b648-7ded50955206	7e491bfb-5414-49a3-a787-14756a47ec52
119	NEW	8cfc126b-ba09-4346-bbbd-310ac2546c95	8cfc126b-ba09-4346-bbbd-310ac2546c95
120	NEW	3d59563b-e0fe-4183-b486-173211c0dbcd	3d59563b-e0fe-4183-b486-173211c0dbcd
121	NEW	3bd9c6fc-3a85-4862-90af-848b9e48ffa4	3bd9c6fc-3a85-4862-90af-848b9e48ffa4
122	PERFECT_MATCH	c0a14d87-0baf-4738-9072-7b05868241bd	4ba73d9c-bdda-478b-ab33-130e11ea19e5
123	PARTIAL_MATCH	12f6d9fb-3531-4b8e-a8fd-37b9e948c9b9	6d2a3591-ec3a-47bf-a85c-3f722698f60c
124	PERFECT_MATCH	41f96043-a694-4a42-84f9-6c81378a3ae7	95b6402f-2412-47d6-a773-f46afa6bba90
125	PERFECT_MATCH	003de3f3-a5aa-468f-a81a-5d705cb24e1c	cb089a24-8a44-4274-9ef0-01d45c24563b
126	PARTIAL_MATCH	21c16ada-33e9-44b6-8d0b-4fe8c0412e78	1e01360c-aa23-4037-9cb1-2b6f3f9b83e4
127	PARTIAL_MATCH	3be055f1-0aa8-49e9-8037-29b93362b05b	c300e04a-8f1c-4c6d-9fea-8c4f912c4637
128	PARTIAL_MATCH	58c72074-e4fb-4f2a-abff-ae6ccd8a4e57	643ad1a9-e1c5-40f7-83ec-d8cb7d1f8a0c
129	NEW	0cd53e89-ca32-425b-962f-63c8a70a6146	0cd53e89-ca32-425b-962f-63c8a70a6146
130	PERFECT_MATCH	38a85adf-0f2e-42ac-b74a-c2b5187e07e9	128f5bf7-5d1f-4803-8885-05cd90e56a93
131	NEW	72033f20-49ca-4e9d-bff0-3ad481d71bcc	72033f20-49ca-4e9d-bff0-3ad481d71bcc
132	PERFECT_MATCH	c06437b5-9177-4cc7-8756-6c1b9096fc30	34181b05-3e43-4a7b-a397-e30e39af4b4d
133	NEW	af92b50e-b0af-4622-a2a5-b769223bcc8c	af92b50e-b0af-4622-a2a5-b769223bcc8c
134	NEW	e309b866-ad7f-4266-a176-ffe7f45f1983	e309b866-ad7f-4266-a176-ffe7f45f1983
135	PARTIAL_MATCH	d22370a8-ea30-4bd6-b54c-de778534a756	caf51907-5b3a-4f32-be57-4546f7f5281d
136	PERFECT_MATCH	882f610f-6604-4892-9e53-21fa1c18f914	e009c9a9-3b74-4da3-91ee-a517dbecb5d0
137	NEW	633a2215-f625-4f75-9e44-eac4672eaf2d	633a2215-f625-4f75-9e44-eac4672eaf2d
138	PERFECT_MATCH	dc464f3d-c7d4-441c-b61c-57efd9eb063c	480012c6-ed33-466b-8a99-06871e072041
139	NEW	296ca5f2-39f3-48b3-afa0-f01625f9e022	296ca5f2-39f3-48b3-afa0-f01625f9e022
140	NEW	460ebce4-df72-4ce6-aef7-c98d4a79f35e	460ebce4-df72-4ce6-aef7-c98d4a79f35e
141	NEW	98f3dc03-7bcc-4037-b62d-d89cf665d754	98f3dc03-7bcc-4037-b62d-d89cf665d754
142	PERFECT_MATCH	6275a5e5-6a30-4af9-917d-79027ed887bb	694ed921-9acf-45ed-9352-c610b463b83a
143	PARTIAL_MATCH	8736739e-8c94-4e51-8a3b-0467984f70da	edd3c882-1df9-4e43-9a51-44ce66f5c2b7
144	PERFECT_MATCH	8dd6726a-6b7a-4f92-a8a5-0d2afc97a926	fa91936e-3d2a-4f1f-a70f-8234038fa84e
145	PERFECT_MATCH	8f6d6dd1-e2b3-4674-a63c-90959a0b38fe	1612192d-142c-4391-a4df-fa109ad81489
146	PERFECT_MATCH	bd081627-2563-4896-b5b9-933b07dcb780	ffda161e-0ecc-4bfd-b8bd-3049b98ba02c
147	NEW	91cc6d19-3385-4568-ae5c-9fd844a770f8	91cc6d19-3385-4568-ae5c-9fd844a770f8
148	PARTIAL_MATCH	6d581008-697c-4ad6-94ee-9030b151723b	3194be49-fdb0-474b-aabf-f08f3e76cefc
149	PARTIAL_MATCH	34fdd003-637f-47ab-9ef1-c8cab5d43e91	c61e6b35-da38-4d15-adf4-8b92f081db84
150	PARTIAL_MATCH	727a41e7-d677-40af-9802-08bef1a804e5	895f25a4-86f5-4d5d-99ad-bf2f3336844f
151	NEW	dfc284b3-7b3e-43a1-9190-90f43a0d2a1a	dfc284b3-7b3e-43a1-9190-90f43a0d2a1a
152	PARTIAL_MATCH	51613f72-2a75-40a8-886a-236b18ce6140	107b1d0a-ba8e-43ba-b3bc-e2fb3ec96418
153	NEW	6d591513-c0bb-422d-9ca7-0dfce05ef390	6d591513-c0bb-422d-9ca7-0dfce05ef390
154	NEW	f5f7df17-cb0b-41e8-9c3f-f59154032e30	f5f7df17-cb0b-41e8-9c3f-f59154032e30
155	NEW	a88cfa3b-5a51-4649-9815-89404a62c40f	a88cfa3b-5a51-4649-9815-89404a62c40f
156	PERFECT_MATCH	7e7de1a9-f18b-468e-9643-208077174065	e5728a2d-d952-4400-bc54-719ed4cd916b
157	PARTIAL_MATCH	4e1f60ed-6d67-4fc4-b5c1-1db389bdc4bc	538a322f-6325-40b5-a554-0696919efa31
158	NEW	be67c0a1-069b-4e8c-a553-59a80787c205	be67c0a1-069b-4e8c-a553-59a80787c205
159	NEW	42007702-d951-49cb-a5b8-17267fba5eb1	42007702-d951-49cb-a5b8-17267fba5eb1
160	NEW	6c1de826-e36a-441c-9b5d-988129766492	6c1de826-e36a-441c-9b5d-988129766492
161	PERFECT_MATCH	a471d01b-7e13-4fab-b860-32b7d3a5cc46	77121747-1204-4a36-9bec-f8a8b7c792e7
162	PARTIAL_MATCH	26ea3b96-6109-402a-812e-cb89a3954d67	f4deff8c-c9a2-4c6a-b794-e2472119b796
163	NEW	678daf58-e5d1-4258-bcf7-3142a98c59cb	678daf58-e5d1-4258-bcf7-3142a98c59cb
164	NEW	559c53d2-1f58-4ab4-ab15-7dcb6bc8e24c	559c53d2-1f58-4ab4-ab15-7dcb6bc8e24c
165	PARTIAL_MATCH	6ba3d111-4716-48eb-8cd2-3b50597a9526	fbb3d242-9bb0-4e2c-a300-2b6fe2f8e074
166	PARTIAL_MATCH	941030bf-870a-4ef6-97d5-00b310f56c9d	472aa2fb-22f9-4f37-a512-5ca5c516c45c
167	PARTIAL_MATCH	15c52553-3054-457c-9359-87cc14a35019	1ec00840-7cfb-4648-b796-83a4651b1596
168	PERFECT_MATCH	cd790b98-e551-422a-95d9-fa0a62183a37	aac7d8c7-3311-4b99-93e1-b8ed9ac5c5f3
169	PERFECT_MATCH	02a85156-5ae0-42ca-acb1-2d3d520f8427	0c6a3562-729c-45a8-8779-c273f19d2687
170	PERFECT_MATCH	87c77120-56cc-45dc-8cdc-ea8ae7cea4dd	d1bd4585-5c04-4025-a0f2-1b6481bdd6b0
171	PARTIAL_MATCH	74d3d1c6-14f2-4fd6-b518-f842f6d0808c	c349e368-f48b-4062-b56f-a15f66cfc36a
172	PARTIAL_MATCH	763058c5-850c-4378-b2a5-d425819a5833	eecfd247-0053-412c-a5ed-132e0bf27539
173	PARTIAL_MATCH	37ba27e4-1f4c-40d3-a82a-1257423a7dbe	559d4aea-2fd0-4b36-880c-852de736c3e8
174	PARTIAL_MATCH	640b5b98-97de-4617-9a3c-4bd159c555f9	c8dc0e73-e311-4abc-8e4f-2b497247304a
175	PERFECT_MATCH	c2626808-adc3-468d-8e27-370074dd53c0	03f319b9-878c-4780-8147-4f8cb1dcb8e2
176	PERFECT_MATCH	ca6f9836-2b86-41ab-a81b-d80b147572b8	c2902b70-cffd-4c20-b96b-d362182499d9
177	PARTIAL_MATCH	95d8ab29-7ef0-498a-866b-cd23313f0bdc	1e64bafc-7077-443f-8190-c188efe8149e
178	NEW	2d7f66d3-c3a9-4c7c-8be1-50371b9c92a8	2d7f66d3-c3a9-4c7c-8be1-50371b9c92a8
179	NEW	d45c9f2a-8a63-4998-b0bc-0e4ff801514a	d45c9f2a-8a63-4998-b0bc-0e4ff801514a
180	NEW	41ab28f5-0e59-4508-8f22-431b079a71fc	41ab28f5-0e59-4508-8f22-431b079a71fc
181	PERFECT_MATCH	ffa0a366-ed1f-4d35-803f-02e87b8ce824	5be32da3-cedc-4764-a6cf-048492e534eb
182	PERFECT_MATCH	ba8e5ba0-c0e6-4546-a675-7871f51f23d6	2fb6b931-63f2-48aa-bf8c-970541096c24
183	NEW	e562751c-3194-47c6-baf4-c0be3ad37545	e562751c-3194-47c6-baf4-c0be3ad37545
184	PARTIAL_MATCH	e5029d66-b421-44b5-8b09-93299807ce8c	370e633c-d1bf-42d1-90c3-f487d734e343
185	PARTIAL_MATCH	7c1d1a21-065f-41fa-90c3-54250f826f66	1ad47725-7fed-42a0-ac32-cb837c9cb2e5
186	NEW	9eb8afd8-ea77-4579-9e49-f949d03b4e12	9eb8afd8-ea77-4579-9e49-f949d03b4e12
187	PARTIAL_MATCH	b9b3762a-5e76-4663-84e3-bcff000ece17	24aa8015-9d5a-4bc6-99ba-ee33d1b94f8c
188	NEW	a8b7e5d6-f2ca-4298-a7d8-65e0bf05c369	a8b7e5d6-f2ca-4298-a7d8-65e0bf05c369
189	NEW	f14a2355-2b4d-42f7-a27f-bdd1d5fac421	f14a2355-2b4d-42f7-a27f-bdd1d5fac421
190	PERFECT_MATCH	cd419384-43b9-4d73-a8d4-03c9ece3108e	093a0cde-9497-4103-9dcd-fec46a457e65
191	NEW	4938c3f9-43b5-4459-9027-6833ab4c568a	4938c3f9-43b5-4459-9027-6833ab4c568a
192	NEW	0229a5da-7536-4c3e-91c1-53168ed6af17	0229a5da-7536-4c3e-91c1-53168ed6af17
193	NEW	1243d9c3-ab6d-4746-823b-f6d5c8c307cc	1243d9c3-ab6d-4746-823b-f6d5c8c307cc
194	PERFECT_MATCH	60e973de-6ee0-4956-a896-be0366b1ba99	abad9f6d-a7b6-4cad-bd32-3eb7800e0d00
195	PARTIAL_MATCH	89bf23fc-97ea-4b66-b81a-213a41f4f793	bc949801-7995-4346-8829-7d4c68a6dbc9
196	NEW	62414fd3-08f5-4187-a633-9df138957543	62414fd3-08f5-4187-a633-9df138957543
197	PARTIAL_MATCH	4223f860-8112-4d08-bc83-9815f13cd31d	5060636b-fe37-40bb-b136-7ec76d0cdb21
198	PERFECT_MATCH	4d5b8f71-f569-48a1-bd10-fc862851f08c	67c21a8e-60ec-461a-8fb0-cb7c795c328c
199	NEW	c140c481-fe9a-4825-8b14-1525ab4951ed	c140c481-fe9a-4825-8b14-1525ab4951ed
200	PARTIAL_MATCH	c6d43b6d-20f8-4f32-8cb7-401689f7ad00	c5b3d75f-2b26-447c-bf1c-6603d1e50207
201	PARTIAL_MATCH	fbeb87a4-768b-4003-b428-275d78e3cac8	211fccb1-4a11-4a88-bf39-d9b8c8990b75
202	PERFECT_MATCH	99e8cfaa-18d7-4c0a-a871-b1189a246c70	d71c7481-730f-49e1-be8c-3270150cc6b0
203	NEW	521ee879-b326-435a-a231-ea6c5e43f995	521ee879-b326-435a-a231-ea6c5e43f995
204	NEW	ff63efd6-aae2-4de0-9c58-34f96317c9f0	ff63efd6-aae2-4de0-9c58-34f96317c9f0
205	PARTIAL_MATCH	7acd2bad-25d2-460d-9763-e8d2c8815404	e082d2cc-3b4f-41a6-8bc8-bfeb387e333a
206	NEW	e40664af-220b-49a0-9ea9-1b8ca0d54236	e40664af-220b-49a0-9ea9-1b8ca0d54236
207	PARTIAL_MATCH	d0fdd171-7be9-4584-8b3b-cd20d4c14ca1	c7a4c1b1-41d7-4ef0-ae6d-ab544b8c12b6
208	PERFECT_MATCH	b0c7160e-f378-4333-9428-973d86dc8d5b	fd74639a-be61-4424-ab19-3f4358e19802
209	PERFECT_MATCH	2b2352e1-c448-403b-822a-77d35dfce5bc	a8376793-a988-4508-9c42-fdc87ffc029c
210	PARTIAL_MATCH	e6ed796a-6ab1-492f-9481-3cab364de4eb	9ffea553-1f8f-45c4-9afc-f19ceb306ee7
211	NEW	9f8c040f-22e5-491e-a1bb-631e1b1b51d9	9f8c040f-22e5-491e-a1bb-631e1b1b51d9
212	NEW	dfa116e8-3648-4cb2-8364-307e7a98dce0	dfa116e8-3648-4cb2-8364-307e7a98dce0
213	NEW	ce10905b-4c1f-41a0-981a-77040c7963b3	ce10905b-4c1f-41a0-981a-77040c7963b3
214	PARTIAL_MATCH	1df823ef-5f64-48cd-9c31-4f49747ec87a	adafd70d-0403-4380-ab82-f68baaa1a4d9
215	NEW	b50ec4bc-cd73-450b-a20e-3ac2815aa590	b50ec4bc-cd73-450b-a20e-3ac2815aa590
216	NEW	7d916c0b-ab54-4df9-914e-88290824b72d	7d916c0b-ab54-4df9-914e-88290824b72d
217	NEW	231238f0-5b06-48c9-b425-68ae91a789d5	231238f0-5b06-48c9-b425-68ae91a789d5
218	PERFECT_MATCH	06cacc4f-2d0a-470c-b9d7-f841094e59d7	b09a9ae6-8257-4d90-ba23-78ffab0acf01
219	PARTIAL_MATCH	6f7a413e-6499-4ca5-a8fa-6482b77deb4d	7b25ab47-c0f2-4a33-817e-ee630ff96a1c
220	PERFECT_MATCH	6666e67c-498d-425e-9734-0dd259146bf1	be86270b-89c8-4231-9f73-972f452968a3
221	PARTIAL_MATCH	1fc8e32f-81ca-4a53-b788-b59172a0ff50	95958d3a-d34d-4cca-8ba5-f63668a3f618
222	PARTIAL_MATCH	83d68949-fc7e-452b-a023-e00d507f7502	73b1265c-9891-4bc7-86f3-dadc4be00ea5
223	PARTIAL_MATCH	9adfda37-4f92-4e89-8d3f-f844d66eb45c	38b384e4-a904-4ebf-9262-3a401ee34f5c
224	PARTIAL_MATCH	02d3c489-09af-49dc-a5e3-95c235dade62	6fcbc791-4755-47f7-8080-73662e6e0a2a
225	PARTIAL_MATCH	0b71a366-9a47-4a14-b5a3-d512a25b8dfa	14b6942d-f259-4d8c-86ed-3eb5d70cc7a4
226	PARTIAL_MATCH	61167d95-8410-4449-860e-9cb7cbfdc689	f7238f21-8cf4-410c-83f7-9c745feb189b
227	PARTIAL_MATCH	c247d912-0e30-42aa-94c2-6fb99359c8dd	bb56823a-869d-4c00-bdef-1409a2071851
228	NEW	64db4a69-b4a9-498e-9d49-23315636953d	64db4a69-b4a9-498e-9d49-23315636953d
229	NEW	cde9934d-0592-4702-8236-2f78351c2a36	cde9934d-0592-4702-8236-2f78351c2a36
230	PERFECT_MATCH	0f256600-0fe4-49ba-9a70-09006cf428c5	12dd6162-3b7a-4c8e-aad9-9a6608a88380
231	PARTIAL_MATCH	63372866-59b8-4a77-8afa-18b06fccda48	15fe72ea-5558-4b36-91fa-e16ba57c3d97
232	NEW	9133eae1-327a-4af0-8488-f8e457651e28	9133eae1-327a-4af0-8488-f8e457651e28
233	NEW	2a2c590c-3266-44c0-b465-d3be9a1d889a	2a2c590c-3266-44c0-b465-d3be9a1d889a
234	NEW	36aad098-2d23-4479-ad15-7f4ff256522a	36aad098-2d23-4479-ad15-7f4ff256522a
235	PERFECT_MATCH	74d15d64-4c74-4f4e-8bbc-0b99919d76b3	3be75e3a-5ec2-453f-9a57-3efdfe0409d6
236	PARTIAL_MATCH	c0ee30c8-691f-4bd6-8e47-94dea8f9486d	5b565135-2d21-4b85-a469-b8545c0b6ace
237	NEW	c7a2339d-2504-429e-b9c7-28105e70b095	c7a2339d-2504-429e-b9c7-28105e70b095
238	PERFECT_MATCH	7184298e-b9c2-4bc6-ace2-c7077ff54aa6	f2a06427-498d-4c5f-95bb-bfbb6ccb2114
239	PERFECT_MATCH	53a9cb21-8be0-461d-b0e0-0bd5387032bc	fae7d654-a994-449f-a01b-d379ad8f9042
240	NEW	e90b844b-31e5-46bc-a5e3-b4519848c367	e90b844b-31e5-46bc-a5e3-b4519848c367
241	PARTIAL_MATCH	b97702e6-8ac4-483b-b202-9052f807729c	4e2e07a6-6c97-4047-b0e1-9a7322e2768a
242	PERFECT_MATCH	a278c577-dcd5-48d2-9610-bf47963eb9e9	1c281a29-50c1-4588-a8fa-e0ddfad1edef
243	PERFECT_MATCH	6ec980d8-0fef-46d6-9157-701841d571b7	e9db7b24-a6c7-45c1-9a30-3ff12b0fa826
244	PERFECT_MATCH	1527f50e-6bbe-4344-bc95-577c80adf91c	99bf4c64-0959-4205-bf73-c3a94a0d4b8f
245	PERFECT_MATCH	58dfa3ac-eba5-4987-83a5-b1620ddc9b04	1c0ab15c-899b-401d-8aa4-c53a7b811587
246	NEW	34add31b-4ccc-4ff5-adda-272d90e63ba5	34add31b-4ccc-4ff5-adda-272d90e63ba5
247	NEW	7ed0cc34-9c4c-40f9-8fa3-7d4ac047f77e	7ed0cc34-9c4c-40f9-8fa3-7d4ac047f77e
248	NEW	7f97bf2a-8358-4010-b2d2-e0087a6c3d28	7f97bf2a-8358-4010-b2d2-e0087a6c3d28
249	NEW	9ea29248-44d4-400c-97f8-7c5d230fa1a8	9ea29248-44d4-400c-97f8-7c5d230fa1a8
250	NEW	49f14d37-0974-4adc-b323-85c3951b6225	49f14d37-0974-4adc-b323-85c3951b6225
251	NEW	0b4060c6-d6b1-419f-92d5-98c86d7f8140	0b4060c6-d6b1-419f-92d5-98c86d7f8140
252	PARTIAL_MATCH	a0e8d602-59a1-443e-9418-a2e4af51a18b	2aa85a91-c931-4d33-b0ad-5db82dbeeecf
253	PARTIAL_MATCH	c929ad56-d355-4bed-93c9-11501b416a7e	4a47e972-f517-4a5a-9bde-954471f1e279
254	PARTIAL_MATCH	b791dc11-feca-48f4-87b6-3033f0711636	ddd8952d-9dd5-4991-b38c-7a6cb835382e
255	PARTIAL_MATCH	c363ddd3-d147-45c0-b1b3-1c939b2ed9b3	fc549c8a-3b1d-4f75-8da5-081f56427d52
256	NEW	a3a79e3d-a210-47cf-9e16-c003631fa00c	a3a79e3d-a210-47cf-9e16-c003631fa00c
257	PERFECT_MATCH	d6dfd841-d98d-4a07-9233-b9df6cf223a7	84a59c3e-e948-4799-9698-6ccf68719dc4
258	NEW	7a5c8655-b150-4011-9bf3-95276bea5545	7a5c8655-b150-4011-9bf3-95276bea5545
259	PARTIAL_MATCH	96e5742a-0e9a-4544-8c63-6bed89753652	83484f19-9c38-41e6-901e-ec5c4779b256
260	NEW	999990c2-649b-4164-bdda-cc6857b3edad	999990c2-649b-4164-bdda-cc6857b3edad
261	NEW	b7496e18-b119-421b-a17f-7ac3f1115ce6	b7496e18-b119-421b-a17f-7ac3f1115ce6
262	NEW	c67480a4-c018-4711-9148-f34ea2375cbc	c67480a4-c018-4711-9148-f34ea2375cbc
263	NEW	e5b6d9f9-63d0-4b17-bbe6-6c88b31078b7	e5b6d9f9-63d0-4b17-bbe6-6c88b31078b7
264	PERFECT_MATCH	3c016c0b-4d72-4606-a91d-dad0bdfcac24	678c879e-d46d-489b-b782-fe1da9b716f2
265	NEW	37e6caca-2900-4293-81b1-c07b9d482538	37e6caca-2900-4293-81b1-c07b9d482538
266	PARTIAL_MATCH	7f7692a6-4d0c-4563-a364-f5ba83408c05	3677d2a3-4d16-4baa-84d8-72578cbed3ad
267	NEW	c7083a60-5b77-40fa-8643-27775ee5f3f3	c7083a60-5b77-40fa-8643-27775ee5f3f3
268	NEW	3bf80de7-2b64-47cd-8d36-a8070a31d302	3bf80de7-2b64-47cd-8d36-a8070a31d302
269	NEW	47a80635-6b07-47f4-8db2-7cd74c2b0374	47a80635-6b07-47f4-8db2-7cd74c2b0374
270	PERFECT_MATCH	ba5ccc3f-3732-4bf1-87f3-87c175f68130	227894b0-9047-4a2a-9fa4-ffac882477e8
271	PERFECT_MATCH	82069354-8edd-4507-a0a6-b110cf3d784d	af8de693-f0af-4102-8437-e4a113d2c621
272	PERFECT_MATCH	e87d3fa5-031f-4e20-a1d3-0d64c2ffa740	c11d366a-7d32-474d-b1aa-dee38f918177
273	NEW	ac427fff-3a8d-4c55-9c5d-650c2e1104a2	ac427fff-3a8d-4c55-9c5d-650c2e1104a2
274	PERFECT_MATCH	767739f8-6393-4605-b941-8dd30c8b3903	359b1b93-176f-4da1-9eef-0eb0025d0e8f
275	PARTIAL_MATCH	5003d727-c5d8-4c00-9104-ad205a15ce32	618d6d83-62f3-4c7e-9254-ec248abdc971
276	NEW	a598d6ee-0c87-42f5-8d9d-e4cf7757b1af	a598d6ee-0c87-42f5-8d9d-e4cf7757b1af
277	PERFECT_MATCH	16e12a4f-26e3-45de-a694-d445d707b7bd	23de62f0-ce20-4f6f-885b-34cf0469dd48
278	PARTIAL_MATCH	8afd7ed7-ad58-4a4d-a73b-54dc03a433d4	a77b7abe-a293-4821-9816-64217a694694
279	NEW	1464d58f-be52-4431-83d9-ca833812d9ad	1464d58f-be52-4431-83d9-ca833812d9ad
280	NEW	6f2e7ccf-85d7-4e3f-a1a6-1bd8b12925a8	6f2e7ccf-85d7-4e3f-a1a6-1bd8b12925a8
281	PARTIAL_MATCH	82453322-5472-457a-9c4f-810662891f1e	c40fcb8a-e3f2-4801-a5d4-2e351e188617
282	NEW	6e22c412-2b96-48fc-b83d-910533b6c42e	6e22c412-2b96-48fc-b83d-910533b6c42e
283	PERFECT_MATCH	49c11c15-712c-4bb3-920f-ae33725c3d73	b4a0c91a-bbf0-4acb-91a6-41feca1ea3ff
284	PARTIAL_MATCH	0a619b89-9cf4-462b-97b7-5e7cedc56550	6ddae866-ed42-4b05-a650-fcae2984131b
285	PARTIAL_MATCH	8e0d40a7-3099-4650-9bbc-c7c983ddb413	849adcc6-49e1-43d9-8b9d-021be0909974
286	NEW	9214aa4c-cd95-44b6-81be-34f809ef4ad0	9214aa4c-cd95-44b6-81be-34f809ef4ad0
287	NEW	2d06691e-59b6-432f-b944-f39050e00a44	2d06691e-59b6-432f-b944-f39050e00a44
288	PERFECT_MATCH	e9a0b984-9377-4fca-8a7d-3c9a60f7dff7	2a4efb3a-98c1-40d4-8498-c9e03b29f108
289	NEW	f1755eb4-29ef-4b2b-9674-f2d54cf78be3	f1755eb4-29ef-4b2b-9674-f2d54cf78be3
290	PARTIAL_MATCH	295a1bfc-1353-448e-9c82-f791f79e72aa	11fc9efa-f24a-4717-9396-5bb68269af56
291	PERFECT_MATCH	1633e9f6-f6b2-4ab6-9230-f6cc80819587	85f1cbc2-c9a6-4214-b63c-505bb4a536d0
292	PERFECT_MATCH	3c9e4eb3-cefb-4451-968b-858fbcb4c93c	a30abb5d-b0ce-45c1-9c27-9307b462a366
293	PERFECT_MATCH	2b10b0d7-9bb0-4e6a-a05a-06b134eed1ba	0bc8a5bf-1b73-488c-b7a7-15b6be6f3d66
294	PERFECT_MATCH	10829957-e4f4-4131-93df-37401e9ca400	b317538b-4d6c-40bc-8898-b3a67f9d77ae
295	NEW	31c978ca-1e5c-4094-be13-0c231e4ab17f	31c978ca-1e5c-4094-be13-0c231e4ab17f
296	NEW	352227ea-b9ae-4255-9be2-6a7ea78c37d3	352227ea-b9ae-4255-9be2-6a7ea78c37d3
297	PERFECT_MATCH	f950524e-1b34-46bb-8f2d-a7f837915762	56e08219-913a-42d9-94c9-0d8bbe9c48b7
298	PERFECT_MATCH	08c50a88-a113-45d9-8429-7d005f3c4f18	e17c7c93-765f-4e04-8130-39dece234f5e
299	NEW	aa1dabc8-3721-430e-afa6-4516a243e11d	aa1dabc8-3721-430e-afa6-4516a243e11d
300	NEW	4678e738-f5ab-4663-83f7-3454d5ed283f	4678e738-f5ab-4663-83f7-3454d5ed283f
301	PERFECT_MATCH	0866223f-0090-407e-a638-71fd9e6255fc	054b30a8-e771-4dc2-a86a-2617de7927b7
302	NEW	c08a0b13-a662-4018-aa40-e0c3ac183a46	c08a0b13-a662-4018-aa40-e0c3ac183a46
303	PERFECT_MATCH	6a680786-cbc9-42fb-9e15-e107440ec241	d9d6d901-d040-4d27-ae4a-2e569a086d19
304	PERFECT_MATCH	6fa0dea5-f281-4c2d-8aee-5fc20d610464	b5ebc98e-0d61-441d-a335-c47c4db99b9f
305	NEW	f0b88626-11e9-432e-b136-8fc705aca1fa	f0b88626-11e9-432e-b136-8fc705aca1fa
306	PARTIAL_MATCH	2b6a2f83-76af-4e70-b56f-95dd2e6a04f8	617a5271-dc9c-4108-9af5-0fcc80cc0fc8
307	PARTIAL_MATCH	20da5a4b-6ba4-4fc4-98f6-7ee7dffbd219	42bab825-a19f-477b-8aa5-555af81972c5
308	NEW	eb10f060-6644-4d18-9a81-c063f7599e55	eb10f060-6644-4d18-9a81-c063f7599e55
309	NEW	b68db2ae-7954-4c77-a54d-2766682f75db	b68db2ae-7954-4c77-a54d-2766682f75db
310	PERFECT_MATCH	05260ad3-82cc-4877-a8b4-8a21a24027e0	11b0e50b-cabd-4551-8a7e-1a07ea471fec
311	NEW	b5aa39d8-8b97-439e-ba40-d8b1651a9d3b	b5aa39d8-8b97-439e-ba40-d8b1651a9d3b
312	NEW	e4896e13-dc54-4c92-998a-0b5198024dc8	e4896e13-dc54-4c92-998a-0b5198024dc8
313	PERFECT_MATCH	08ac4f8c-ee11-46f5-87c4-0b890d1e47cf	7dcca0b6-01fc-4803-b639-f96999e78ce8
314	PERFECT_MATCH	8dae83cc-a921-4ae9-9104-1754b34280e1	e4371562-acd1-4f01-865b-50ae50976a9c
315	PARTIAL_MATCH	95606010-bb26-4bc4-9397-9042140a1ca1	0326a054-01a0-4beb-8d9b-bebfa3ff75ac
316	PARTIAL_MATCH	e86f8749-81c9-449e-af31-67e27aae968f	b7e57bcd-6cc3-43cf-8170-747af403e57a
317	PARTIAL_MATCH	ac3f1950-9c6a-4f1c-8f35-0ca517c3ac02	f7ae99d0-a67f-4c79-99d9-33baf4d47138
318	NEW	6d2a4869-269e-48df-ab0f-9426268d9112	6d2a4869-269e-48df-ab0f-9426268d9112
319	PERFECT_MATCH	b40c5c44-edcf-4b4b-9538-231b00b56631	8cec957f-5511-450a-a2ab-dad035956e0d
320	PARTIAL_MATCH	ed7c3a7e-6667-4b80-a82e-db1fd5aabf25	7269a5a7-4094-4e09-9fa3-2f725c78f100
321	PARTIAL_MATCH	c4941d80-a684-4209-b483-dbfddfd06eaf	05d2c47f-70f1-4dcc-846b-d6a3f738e0a4
322	PERFECT_MATCH	1b6d0757-eb4e-484f-ab0b-5b79ca805927	46591916-fe43-4957-9e2d-d43678feeaae
323	PARTIAL_MATCH	561dde6d-3980-415f-bb2e-42eebdfc3858	8e4e0bba-44f0-4489-ae59-ff0d63c4178a
324	NEW	9af19c82-16e0-4bc9-87d6-e6b583febb48	9af19c82-16e0-4bc9-87d6-e6b583febb48
325	NEW	b5ee1b49-598c-4017-92f0-f55fd5d0bb40	b5ee1b49-598c-4017-92f0-f55fd5d0bb40
326	PARTIAL_MATCH	5f941935-8284-42fb-9242-f26ecb172ea1	31f055de-315c-47ff-bbab-8f9731e5fa7d
327	PERFECT_MATCH	64761231-5359-47ae-a60c-22ef327a13db	e4f65294-7803-4ab5-9895-c547e4f225f0
328	PERFECT_MATCH	815976fc-743c-47e3-9f1d-49b8a5d8d640	3104faab-348c-44c3-bb02-8097353e235e
329	PERFECT_MATCH	f7ce913c-3cb4-47fd-8d14-5c58a1f80f09	d642def5-6889-41fe-8c65-128c758c84d0
330	NEW	d60e3a03-e9f5-4ae0-b6a4-d06173e86d67	d60e3a03-e9f5-4ae0-b6a4-d06173e86d67
331	PERFECT_MATCH	99f3d515-5502-4753-914c-7277bf007ce7	1027c855-48a2-47a4-a9eb-f4abb02b75f1
332	NEW	ad3b312c-b5e8-43bc-82ca-5bdf9bc038c9	ad3b312c-b5e8-43bc-82ca-5bdf9bc038c9
333	NEW	c22e11b2-a9ad-461b-89cb-e1d2899f74a9	c22e11b2-a9ad-461b-89cb-e1d2899f74a9
334	PERFECT_MATCH	90918d09-45c3-4d06-9f66-f18d3b1fa600	4ea497a6-300e-46a7-9c09-12200ab1e41e
335	PERFECT_MATCH	ee64075f-43ce-456b-92d9-f42ca4db24ad	830f28bd-a0e6-462a-8fa4-0002c0382d69
336	NEW	09b9e45c-1f38-434b-b87c-6e32ea9fe4b2	09b9e45c-1f38-434b-b87c-6e32ea9fe4b2
337	PARTIAL_MATCH	fa2cb2d7-b1e8-4cd4-810a-f7d821acbf0d	229a5ba5-c19d-4f2c-90c3-4fab11c3c2af
338	PARTIAL_MATCH	47344fa0-a92a-439a-8099-a0a83e9781ae	f2542876-6fae-4325-9fc8-15f73341ebbf
339	NEW	352e3b1f-5460-4e88-90af-b08651a906e8	352e3b1f-5460-4e88-90af-b08651a906e8
340	NEW	8f8dfac5-5388-474c-a884-4e9a71ebbaf1	8f8dfac5-5388-474c-a884-4e9a71ebbaf1
341	PARTIAL_MATCH	37956b9e-3f69-403d-936c-57aa6ee82170	fa7ff56e-920e-4f76-a11f-e77e355d5fed
342	NEW	aed2581f-4aa8-424d-948e-3cb95db91937	aed2581f-4aa8-424d-948e-3cb95db91937
343	NEW	80900b7e-6807-4e78-bd47-5387fe681416	80900b7e-6807-4e78-bd47-5387fe681416
344	PERFECT_MATCH	ae86b88e-dcbc-410d-8fc3-f5b027e7309c	180e0b1e-735b-4d0a-9a06-4859210507bc
345	PERFECT_MATCH	5c418674-d3c7-4dad-9bab-7e577cc76897	59bcbbc3-92ae-42d4-b3f4-c5dfac6c9d65
346	PERFECT_MATCH	07df7894-8d17-4245-8b12-05612e36414a	9262660e-e3c9-4778-bf84-e863cbc5678b
347	PARTIAL_MATCH	991ef944-49da-4995-b939-bf59925eeadb	da42c45a-ce3a-4c00-871b-26326789b754
348	NEW	35802058-23e3-4234-a603-76f595fbe890	35802058-23e3-4234-a603-76f595fbe890
349	PARTIAL_MATCH	44631b6a-cbd7-4b8b-bdb9-56caf509e609	17b74559-ba25-451a-a067-5c0bdfe95925
350	PARTIAL_MATCH	1bc82357-f98a-49bf-8be5-ee9ec0ef2f89	1643338e-7590-46ae-b467-571b46c995b4
351	NEW	0f57f540-5af8-4f42-97b8-a10118210766	0f57f540-5af8-4f42-97b8-a10118210766
352	PERFECT_MATCH	ce2331ed-28db-4902-b195-03f8f9977079	0d40d5fc-1ef9-4ca9-8668-6444d705680e
353	NEW	995d329d-6150-4037-b9d8-29ef8451fcc8	995d329d-6150-4037-b9d8-29ef8451fcc8
354	NEW	62eef516-c502-43fb-bb59-ce842f7c6de6	62eef516-c502-43fb-bb59-ce842f7c6de6
355	PERFECT_MATCH	027c3e13-49d9-4bea-8237-073c5fbeed24	0fa903dc-5581-47b4-946f-4512bdcf70f2
356	NEW	483be657-dfb4-4ef5-a2a6-1fe8c231b6dd	483be657-dfb4-4ef5-a2a6-1fe8c231b6dd
357	PARTIAL_MATCH	3ebfc4c0-be4d-4bb9-9b7b-e62ab10be534	6f58eecb-2727-46e8-9169-323bb5c9a548
358	NEW	194c697f-6076-4940-8526-500ddeec90d4	194c697f-6076-4940-8526-500ddeec90d4
359	NEW	7ed8f329-2fde-45f1-bb77-27d9c3a7d8cb	7ed8f329-2fde-45f1-bb77-27d9c3a7d8cb
360	NEW	9c8262cd-9964-46df-b43e-02bff6a420a4	9c8262cd-9964-46df-b43e-02bff6a420a4
361	NEW	f24524b6-074c-4d2d-a5d3-022dfe15451b	f24524b6-074c-4d2d-a5d3-022dfe15451b
362	NEW	06a4d6c7-a758-46b3-b68b-0532087a21cf	06a4d6c7-a758-46b3-b68b-0532087a21cf
363	NEW	eaa440ba-c3cf-4bae-b15b-86965c132b77	eaa440ba-c3cf-4bae-b15b-86965c132b77
364	NEW	e6f97f5b-7427-464a-b906-eb8b0a2fa28a	e6f97f5b-7427-464a-b906-eb8b0a2fa28a
365	PERFECT_MATCH	d83bdf9f-00bd-4653-bcf8-e9cd1dab9b95	2c65a86b-4281-44a7-aabb-03bbac73d943
366	NEW	d1074b02-738e-44f0-8e9e-d07a6932b125	d1074b02-738e-44f0-8e9e-d07a6932b125
367	PERFECT_MATCH	6222a02b-47dc-4cab-9550-ff759c828914	ce88630b-a8e6-4c7b-b7dc-0afc4c6057ac
368	PERFECT_MATCH	ab8b7548-6bf3-4023-bd5d-70b879372360	cdf10011-0ff8-4a74-804b-950c57d32673
369	PARTIAL_MATCH	2eada31e-bafe-4a37-9cbc-e85f460d075e	57d288b4-8cce-4b58-b2b0-0e1ae9b2bc2a
370	PARTIAL_MATCH	a36eecf8-7cd2-4e34-9df5-136cfbb8501c	04ce01b9-50e6-4f00-82f6-52291a003a74
371	PERFECT_MATCH	802ef5ba-ac47-4c9d-96eb-309d56769707	51565592-b47d-40be-a75c-936573d5cc53
372	NEW	6075520d-d3c5-4d03-b5f6-726e50109d60	6075520d-d3c5-4d03-b5f6-726e50109d60
373	NEW	36a262ee-cae9-4094-9815-43597ab80b69	36a262ee-cae9-4094-9815-43597ab80b69
374	PARTIAL_MATCH	3360ea59-ec22-46cc-a96e-045fc33d61cd	84de2f34-584d-4b35-a379-e946c5c57eca
375	PARTIAL_MATCH	8aae64af-f0c6-4a7a-9caf-25f895bec847	0a9ac7e4-adf0-4540-af41-d57c4b3e62c9
376	NEW	0ccfd049-2cfa-43c9-97c3-7e709492122e	0ccfd049-2cfa-43c9-97c3-7e709492122e
377	NEW	d2cc8cdf-0a2c-4f9a-bc3b-6eb5d6d303f7	d2cc8cdf-0a2c-4f9a-bc3b-6eb5d6d303f7
378	PARTIAL_MATCH	b6af542b-a4c4-435e-8544-aa1a60798a7f	5d721b64-ba69-4770-a4d4-7fb03f6d5937
379	PARTIAL_MATCH	cf3ccd26-ca42-4da7-a174-4b06582dc4eb	e0477ad1-2097-43c5-bd0d-28d6b1abb5f9
380	PARTIAL_MATCH	036c16a2-4a34-4a96-a91f-c4d87df8787d	6ec82071-efb7-4f9e-97e2-32d34244c505
381	NEW	9ed943e1-43bf-43d7-9e67-ec4a6eab2307	9ed943e1-43bf-43d7-9e67-ec4a6eab2307
382	PERFECT_MATCH	d6618a80-ad20-4575-8735-bb265678894e	55910936-9ad2-472c-9f53-20cad600b551
383	PERFECT_MATCH	b5cf78d6-63fe-4242-845f-681868530f0c	9e857fb1-29b7-4a13-bbc3-31d7eb47485d
384	NEW	fb839e0f-f8d7-4360-b83a-d1e1f36aa75c	fb839e0f-f8d7-4360-b83a-d1e1f36aa75c
385	PERFECT_MATCH	5e560ce7-b46c-4611-83d9-392aabddc4df	28d6f6ec-d530-4a99-846f-96b50b67094d
386	PARTIAL_MATCH	99cb466e-ec25-4ab8-a375-7ddf4a4af640	0fd82ae3-990a-4f51-aa25-80aa94f27a48
387	PARTIAL_MATCH	e9d5a102-4bb6-4729-9aba-89d9e8b53ae8	042f3ebf-cda5-4a3d-8c7d-bfa953631ef5
388	NEW	9d822762-8c58-40f3-9eb8-76f0d325fb9c	9d822762-8c58-40f3-9eb8-76f0d325fb9c
389	NEW	e1189a48-7dff-4803-b934-822b7237326e	e1189a48-7dff-4803-b934-822b7237326e
390	NEW	b2123dce-0ced-4bdc-b751-d78d57048276	b2123dce-0ced-4bdc-b751-d78d57048276
391	NEW	425fc90a-1eff-4a9c-9eda-240a4f76bcc8	425fc90a-1eff-4a9c-9eda-240a4f76bcc8
392	NEW	bb10ce59-2755-475d-8548-0b8a830a7809	bb10ce59-2755-475d-8548-0b8a830a7809
393	PERFECT_MATCH	1927cfa9-63d4-4292-8ad8-678065c1be68	6ca99c05-e7a9-4c9e-88ed-b8ef94da33f2
394	NEW	80129c3e-89b3-419e-96f2-921c6d0977ec	80129c3e-89b3-419e-96f2-921c6d0977ec
395	PERFECT_MATCH	bfbcabef-7bca-44eb-8edf-97885ae6fa7f	f02de5c9-8bad-4b16-9a39-94d3b6933e87
396	PERFECT_MATCH	34bab73c-faea-4a20-b6af-421b59bb9b56	8f5f4346-6da5-49d2-b24e-73dcce3526d4
397	PARTIAL_MATCH	f3e91fac-c92d-4643-89a8-a8dfab3e0a25	88608834-bc8e-472d-b156-791afbbb744e
398	PERFECT_MATCH	2fe9fa23-797d-4a32-9dde-e8003e905d6e	794b5096-c06c-4db9-a12f-ec2b31636f1e
399	PERFECT_MATCH	68baaf97-2b8f-4226-b8bc-900b10f6e2b9	638ae98c-2ce6-4a69-a566-a1e5687c70e9
400	PARTIAL_MATCH	969a54ed-0bb6-461a-918f-cf55e33f519c	a234af05-e7ec-41de-8108-99079bda64f4
401	PERFECT_MATCH	02aad103-3719-4b5f-9faf-583333340cee	0fb36221-29aa-47cd-b092-4ba1cb049a07
402	PERFECT_MATCH	744b7417-4d7d-4476-a367-9786945de4e4	3e3d9c09-b0c1-4eed-b160-bd2e93d6216c
403	PARTIAL_MATCH	c12c5310-dcc9-418f-89eb-9f6e20c0d785	942e6ab1-29a7-449f-8335-ed762bb31902
404	NEW	db89cff5-4be9-41e3-be1c-d2f821879af7	db89cff5-4be9-41e3-be1c-d2f821879af7
405	PARTIAL_MATCH	0cfa53a8-0a88-42fe-8c9f-d24de8b528b7	f1adfaff-a12f-4402-a8ee-f2c20c7817ba
406	PERFECT_MATCH	ec15cce4-da2f-4b29-bfb0-be6a415133b1	97af47e7-02b7-4d22-ae0b-ffa7beb35c0a
407	PERFECT_MATCH	ca9a1018-3e81-4c93-99da-1515ea20ec3a	f4a1b7da-7d33-4db7-9a54-d0251f32947f
408	PARTIAL_MATCH	b6ff037e-35a7-4d09-93d2-4ff6b62c6dca	69a39efe-c1a5-4e61-b0d0-3e636c218f95
409	PARTIAL_MATCH	65b33c87-9519-4e7f-aef0-04066a3ced6d	78bfc43c-4f8c-46c8-954e-9b9264521ee0
410	PERFECT_MATCH	e57d7deb-e794-4ff7-961f-aa6cae8b3cd1	610b9a12-e66e-4ab9-8561-8890757d5646
411	NEW	f0572e11-75ff-4d95-9dd5-ad0bd410e679	f0572e11-75ff-4d95-9dd5-ad0bd410e679
412	PERFECT_MATCH	fdb7130f-09a9-409f-879a-29e811ae60a3	659405ba-3d9c-4f55-80df-a07b79e3f87d
413	NEW	87fae671-6a94-4672-8d25-f40d93f6d78e	87fae671-6a94-4672-8d25-f40d93f6d78e
414	NEW	59e58d50-2c10-4554-a5b1-c8c622ab8ec8	59e58d50-2c10-4554-a5b1-c8c622ab8ec8
415	PERFECT_MATCH	44920874-f34d-44ec-bdc1-8d64d47d9a38	a93ba469-6f47-458b-b682-e968ac7fccda
416	PARTIAL_MATCH	238c7e03-06fa-43e5-807f-ce994dc8845f	06be4976-ca07-4b35-b366-bb151238b7ef
417	PERFECT_MATCH	9e0824cc-56e1-4df6-ae5a-952053e35f51	a4018d86-0133-449a-807d-2cc165db02f3
418	PARTIAL_MATCH	4b80a3bd-383f-45af-9a0e-6db1fb4260a7	6f5d4832-cf35-4468-93ae-f44ca53e3f75
419	NEW	0d100a47-672d-42e8-8157-58efdae66819	0d100a47-672d-42e8-8157-58efdae66819
420	NEW	501a708c-dd49-4661-95ac-a32896e04126	501a708c-dd49-4661-95ac-a32896e04126
421	PARTIAL_MATCH	fd864f70-da13-431d-9c5f-bf952c51ef1c	d5b3acc7-10a2-42ad-acfb-12b22083f2f4
422	PERFECT_MATCH	69abdd6f-c285-45e3-94fc-43ae0b4ea99a	5bcb6749-1459-4cad-a2f0-f645bff12365
423	PERFECT_MATCH	6cdfc98d-c052-4e33-9e6c-3e810cd4c8c6	f8030395-42e4-45e9-bfaf-ef376960b2bd
424	NEW	f58654c8-8e60-400a-bdd2-0ee084632ea9	f58654c8-8e60-400a-bdd2-0ee084632ea9
425	PARTIAL_MATCH	b34e6ae3-3ee9-45ae-bade-cbc8bf2d0cf4	042bea70-91e5-48af-8ef0-44eb73c640a4
426	PERFECT_MATCH	9e719096-1c35-431f-b801-aa77f5e8c374	2ce167d7-e188-4c78-8a49-03fcbf2bc2b7
427	PARTIAL_MATCH	bd67d126-a8a8-40a1-b6cd-d0a275c9cb90	3a1ec15c-4ceb-48f8-9696-88aef9812ff3
428	NEW	e79b56ec-4105-4e1f-b582-29b88edccdb9	e79b56ec-4105-4e1f-b582-29b88edccdb9
429	PERFECT_MATCH	6800a56b-2ac9-4173-bba4-659b4410add5	79d39c2b-455a-4b3d-aeea-5b321b5013bc
430	PERFECT_MATCH	d40164d0-12c9-4f2f-b0ff-59f86e3ec70d	4ff80b3b-ebb8-45ba-839c-ca192aa33fcf
431	PERFECT_MATCH	7f01fbf4-98e9-49b0-91dc-88f273a2ac3c	ad0baf89-8192-4cb0-8df8-f8a869c7a8d2
432	PARTIAL_MATCH	267d2546-859c-4bb9-bac2-5873c5df4d35	3c0b83c8-b56d-4073-b957-34774c4c070a
433	PERFECT_MATCH	10a214ce-2b67-4fa3-8139-056b5b7d8fbb	53ca2ad7-ec63-4eb1-9bd6-4aa62a06f675
434	NEW	aba71248-fc9d-4292-ac41-8227da6770e4	aba71248-fc9d-4292-ac41-8227da6770e4
435	NEW	6f265c4e-ce56-45ee-95d7-21a0c54cbfa6	6f265c4e-ce56-45ee-95d7-21a0c54cbfa6
436	NEW	0ab2756e-7a68-457d-bafd-3d8ef77da951	0ab2756e-7a68-457d-bafd-3d8ef77da951
437	PARTIAL_MATCH	b34940df-35aa-40d9-916f-a27f7ae11524	3e9ab0e6-8000-4cd9-abe3-da2367b51765
438	PERFECT_MATCH	76146f09-3afe-45ee-9db1-5d13d47f8d7c	d9edf784-1df0-4520-acd1-302f16492d69
439	PERFECT_MATCH	0e672788-9970-455d-95d3-4e8ce2ec0463	409f5099-9e34-437e-9db5-7b7457c59265
440	PARTIAL_MATCH	4fbfadf7-f386-479c-8a46-df2fa989a343	08aa35df-f8bb-408d-8b18-d227a3e0ba10
441	NEW	fc97d0ac-1f2b-452a-8ba6-50d15e950b17	fc97d0ac-1f2b-452a-8ba6-50d15e950b17
442	NEW	211d7895-39d8-4ad6-981f-9f9f4e43acb1	211d7895-39d8-4ad6-981f-9f9f4e43acb1
443	PERFECT_MATCH	870a5f97-091c-4a31-8de5-6b79f60cc858	81ddfc4e-8f3c-4e64-be8d-4ce863077333
444	PARTIAL_MATCH	c0b8b580-f8d5-4388-a858-18f04993623b	b50ad858-ec9a-4300-b7cb-14331c482f1e
445	PERFECT_MATCH	eaecf134-b1d2-43cf-a7a2-0f6502b0c153	b454766e-ce4e-4409-aaca-c0777040a2b8
446	NEW	3458eed4-e794-47bd-b165-3e6bbd0786b4	3458eed4-e794-47bd-b165-3e6bbd0786b4
447	NEW	9ebadabe-2cc5-4121-ac55-5e019ab88f65	9ebadabe-2cc5-4121-ac55-5e019ab88f65
448	PERFECT_MATCH	97f4f127-51c6-4de5-b8b3-91ed32cd59fe	872e4caa-44ee-4bd5-b5eb-f4b4c1e39e83
449	PARTIAL_MATCH	801a71f0-d5da-488f-86d4-c1d46e3f26a1	4790b954-7c6b-47d1-aad1-5f4ea9c61aad
450	PERFECT_MATCH	f916a9e5-6dc8-449f-a8a0-a0179ef74a08	b250f039-73a1-4e52-8cc1-8af0f84bddd3
451	NEW	47c59310-67a9-4dd6-9f44-0aa98f850f80	47c59310-67a9-4dd6-9f44-0aa98f850f80
452	PERFECT_MATCH	e38fef83-8e10-4fbc-b108-ae805c6bc5c0	237edcf7-a601-45c7-ae41-2e69010c99bd
453	NEW	bd56fb93-c3fc-4de5-90dc-08da2f076943	bd56fb93-c3fc-4de5-90dc-08da2f076943
454	PARTIAL_MATCH	c5f61878-6f68-43e5-948b-87ea112150dc	bc297dba-6433-4d17-bb20-b5a0414b86d2
455	PARTIAL_MATCH	7f744b1b-cdcb-4854-9b4a-becee09d2506	605feea0-ed36-416e-9d21-e3dfcb6d49d3
456	PARTIAL_MATCH	338dc4ef-bf3a-4145-ba8c-9599bdb5c647	9abfc072-80dc-4c8c-a543-d6ba4a7401ea
457	PERFECT_MATCH	74ada61f-d802-4ec7-8a6f-115b4576c258	2173dffa-b0c1-4802-ac17-18f6e12e835a
458	NEW	b7bb4322-998c-4568-9ffb-256b642c678a	b7bb4322-998c-4568-9ffb-256b642c678a
459	PERFECT_MATCH	1b452b54-af53-4cbc-bf11-32f26860f673	1fd818a7-08fa-4a18-b392-f5b83e6ced32
460	NEW	465f6a1d-70fd-4d51-a623-f3cb8b1c63cf	465f6a1d-70fd-4d51-a623-f3cb8b1c63cf
461	PARTIAL_MATCH	1ecffdc6-f98d-412b-bd42-b85916430173	224a5314-1d49-46bc-b729-cdf35f74c543
462	NEW	012812e6-3106-42ea-a646-b5f6dde8d672	012812e6-3106-42ea-a646-b5f6dde8d672
463	NEW	f7e172ff-2507-4d7b-869c-a3ecc95ad881	f7e172ff-2507-4d7b-869c-a3ecc95ad881
464	NEW	8661d323-6c27-4e10-b901-78c8ada540a8	8661d323-6c27-4e10-b901-78c8ada540a8
465	NEW	5de1a18d-7a82-4def-995f-0ce796cd521c	5de1a18d-7a82-4def-995f-0ce796cd521c
466	PARTIAL_MATCH	43234212-2378-4d9a-a6f5-2927aeb73518	659f73ea-257c-4c2d-9b2c-e4073b6ce248
467	NEW	be108a84-fa34-4828-a0bb-70b3e26a92fc	be108a84-fa34-4828-a0bb-70b3e26a92fc
468	PARTIAL_MATCH	d17de7a9-e07a-40c1-96df-927ca596713b	33618dc3-06c0-49e9-8590-95892a4cb968
469	NEW	246c705b-a773-45a2-87a0-54794c2d0bc8	246c705b-a773-45a2-87a0-54794c2d0bc8
470	NEW	51b677e9-6e5f-48fe-a923-7106e4acc669	51b677e9-6e5f-48fe-a923-7106e4acc669
471	NEW	bb975e3e-e29c-40d0-9e0e-a439520b7e42	bb975e3e-e29c-40d0-9e0e-a439520b7e42
472	PERFECT_MATCH	d12924b0-d1d5-4d54-8dd0-ae0df81b01c8	5ccfabf3-d000-4bce-826a-24a46c76e5df
473	PERFECT_MATCH	b6201ffe-4df9-4c57-b28e-84103bff43f8	5eb527b5-bb1a-4b7b-87c7-4d02a6e1a238
474	PARTIAL_MATCH	5448a00d-b695-41c5-930d-94593018bf11	f13b4290-2a02-457b-9a56-a1ebf98d1498
475	NEW	ce20b948-4355-4932-8fe4-82c07a08b1f7	ce20b948-4355-4932-8fe4-82c07a08b1f7
476	NEW	d31dd696-6a81-4891-acc4-1131c4dcafa1	d31dd696-6a81-4891-acc4-1131c4dcafa1
477	PERFECT_MATCH	29e818ca-6387-47f5-9634-5276e4ea4d76	c4a42e5a-3b38-4e30-aff8-e791273bf00b
478	PARTIAL_MATCH	c55d9689-53d0-4019-be9e-7b9e0bbaf0b5	75dc84a8-9afd-4ae1-a747-8b6b9f33feda
479	PARTIAL_MATCH	09511589-0ff2-43a5-9295-5e5428444292	74b8c132-72cf-4b84-b166-e682507e081c
480	PERFECT_MATCH	584acff0-6e8c-4ba0-be6a-1da4e16562be	06d0664e-d861-4574-a141-7f7f7c4a51ef
481	PERFECT_MATCH	f4508e1f-f1e7-46ae-9a34-4609e7e1dffb	7b699818-58d2-4a53-8e3f-a8f9f574eaa1
482	PARTIAL_MATCH	056abbf4-1917-4466-90b9-b1c1d9124610	722a9e83-818e-431c-9ea7-48f1b123dc26
483	NEW	562a975c-b5d8-434d-b2cd-3ea1868b9912	562a975c-b5d8-434d-b2cd-3ea1868b9912
484	NEW	abba6354-beff-44da-9e88-275e04423c1c	abba6354-beff-44da-9e88-275e04423c1c
485	PERFECT_MATCH	1e65794a-739f-4e16-b283-233470fd8b49	0ccc25c3-a8ac-4513-96b9-ce6f85bf594e
486	NEW	bb500e18-8227-4245-b4d8-5af0419a0cfe	bb500e18-8227-4245-b4d8-5af0419a0cfe
487	NEW	e5217854-2bfe-488d-b73f-32762c6132d3	e5217854-2bfe-488d-b73f-32762c6132d3
488	NEW	09c0b287-c7b0-460a-82a1-6def8dbfcc5b	09c0b287-c7b0-460a-82a1-6def8dbfcc5b
489	NEW	87851bcc-6e9d-4e26-ba40-599a28fae57f	87851bcc-6e9d-4e26-ba40-599a28fae57f
490	PARTIAL_MATCH	91a362f2-836f-4db7-a4e8-be92e9e57e1b	0d7d2888-5474-4eed-adaa-66f0737dd8c0
491	NEW	35663dd8-afae-4784-8c47-14fce9be40b5	35663dd8-afae-4784-8c47-14fce9be40b5
492	NEW	c02339eb-9239-476b-9f71-28339df76386	c02339eb-9239-476b-9f71-28339df76386
493	NEW	76ee96cb-42f1-45f6-b931-3f2979b5cb76	76ee96cb-42f1-45f6-b931-3f2979b5cb76
494	PARTIAL_MATCH	46e5131b-6ea4-4b8c-9594-ea552fcdfadd	a16edc8b-a114-4fb5-b91d-ffddebe50417
495	NEW	758495e6-469a-49bf-9dfd-4a37831e8499	758495e6-469a-49bf-9dfd-4a37831e8499
496	NEW	3bdd5ccb-a73b-4269-97ed-50d00620dfc1	3bdd5ccb-a73b-4269-97ed-50d00620dfc1
497	NEW	efc4ed68-ebb3-4a0a-84a8-21bea8ede06e	efc4ed68-ebb3-4a0a-84a8-21bea8ede06e
498	PARTIAL_MATCH	35b7051b-4d48-40c2-bcfc-516b5cf16e67	f54fbb29-ea7f-4c4c-b5a6-f2e11efe13f8
499	PARTIAL_MATCH	57c7e440-570f-40bc-b332-dbdcbe261c0e	3c445cc6-d7f4-4fbd-95e7-228e57123c87
500	NEW	eef152b7-fada-4541-a75e-6598d75ab7e9	eef152b7-fada-4541-a75e-6598d75ab7e9
501	PARTIAL_MATCH	5c17647f-1a0d-49f4-af9f-cd4a943e44f7	74559e96-fabc-4190-a22e-618f0b909eb8
502	NEW	334aab61-3428-4491-8d76-afd049f8146b	334aab61-3428-4491-8d76-afd049f8146b
503	PARTIAL_MATCH	64c21455-d800-4e6c-96c6-83cbbd4b7d81	6690c4a7-0786-43a3-a43c-c59a93c17277
504	NEW	85346423-4e9d-435b-92bc-d8acd77725ea	85346423-4e9d-435b-92bc-d8acd77725ea
505	NEW	763266b7-042c-4668-8256-e8e661a26cd3	763266b7-042c-4668-8256-e8e661a26cd3
506	PARTIAL_MATCH	3dea9d35-17a6-477d-87df-dff34fd3a96e	da8838fd-c658-4a77-8571-f6617764f480
507	NEW	71aba653-cc07-455f-96f3-a8e62333eac1	71aba653-cc07-455f-96f3-a8e62333eac1
508	PARTIAL_MATCH	b90f5ef7-8104-4ebf-80e9-937c50b75c99	f03763ec-115f-4756-97b3-f77dfe736025
509	NEW	590a3243-1e0e-4797-a126-3f8f17d6e6f1	590a3243-1e0e-4797-a126-3f8f17d6e6f1
510	PARTIAL_MATCH	dfd5e6da-7555-479a-b46c-988cca7406c9	0000e85f-0a89-4c30-a4ce-4d3abb28d94d
511	NEW	ec88788f-1032-476b-b1f9-dea8c7437da9	ec88788f-1032-476b-b1f9-dea8c7437da9
512	NEW	78bf4849-f914-427d-a427-f4cf51fb7c6e	78bf4849-f914-427d-a427-f4cf51fb7c6e
513	PARTIAL_MATCH	ef68f1be-cbd9-4baa-a039-7a3834fb95b4	d0ba17f2-0808-4121-ae8a-c1bad4e88a88
514	PERFECT_MATCH	0e48fe54-2475-4dd8-b6b4-5bb8a9becf85	e5e7df6f-f936-4100-a262-8c572576ab92
515	PARTIAL_MATCH	02e9d38f-b5ae-4276-bd70-9859419ab275	945f59a7-3188-4f73-a938-6e66f72dd8c1
516	PARTIAL_MATCH	84ef6e22-f4a2-4fb5-889c-3814cff8dc18	ae0ab91a-f21f-4e55-9504-c9cd94f6f4cb
517	PERFECT_MATCH	b8ed1ad0-96ab-4e43-aabf-47ae97435789	28a3c56c-139a-4b59-be30-bf09fa8cfeb7
518	NEW	79609163-cb82-4df7-a03d-4ea1e85ebeab	79609163-cb82-4df7-a03d-4ea1e85ebeab
519	NEW	53f6e0ac-17cb-4105-906b-f77476fbeb9f	53f6e0ac-17cb-4105-906b-f77476fbeb9f
520	NEW	2d7084a5-cfc8-4f27-b660-6931ad4ff01b	2d7084a5-cfc8-4f27-b660-6931ad4ff01b
521	NEW	c46c6e79-5cfe-4d91-8d06-659d277ad250	c46c6e79-5cfe-4d91-8d06-659d277ad250
522	NEW	792ecac8-fa75-425d-a9f4-20677d24fd43	792ecac8-fa75-425d-a9f4-20677d24fd43
523	PERFECT_MATCH	c9e47d10-3617-44b1-b68c-601b6b2661ec	5a53001d-eadb-4f4f-a1cc-4491eff8f92b
524	PARTIAL_MATCH	9c947564-029b-4a12-a508-7853124e4833	6cb9d042-a262-4e40-bdc6-31337e745ee0
525	NEW	a7ef24c9-11bf-45f0-953b-7cef40396f42	a7ef24c9-11bf-45f0-953b-7cef40396f42
526	PARTIAL_MATCH	520f4f60-2b6c-4afa-98f2-b88e92c8f0a1	5b158c31-fb79-4676-b259-cce06baa2be3
527	NEW	0c2cc5a4-c31d-41ef-8a65-d1447314dcba	0c2cc5a4-c31d-41ef-8a65-d1447314dcba
528	PARTIAL_MATCH	e45bec2b-9d14-44c0-a24c-6f837982a825	9f5160cf-63bf-4545-bc4f-552e8b6ef529
529	PERFECT_MATCH	2e019415-ac0e-414e-bb74-68f090dab337	3446590c-296d-4ddd-85b9-d4ca80578d1d
530	PARTIAL_MATCH	795b0f22-13fa-47b9-bd67-4dff1ef4fe0b	b8c3dccf-4db3-4df5-bb7f-b24db1ace58c
531	PERFECT_MATCH	607700b2-d13c-4c16-85cc-4a8b801b2613	14621502-e68d-44ac-b4d0-61b81d1e3914
532	PARTIAL_MATCH	443e0e12-c53c-4f07-a39e-6dcc76aec465	06ebe90b-262c-4c75-82c7-84a1edc37073
533	NEW	9b611918-c2b8-4e21-806b-4435be522be5	9b611918-c2b8-4e21-806b-4435be522be5
534	NEW	0b9aea12-7c13-4347-8e36-c76dec2b1a13	0b9aea12-7c13-4347-8e36-c76dec2b1a13
535	PARTIAL_MATCH	e1d926cd-4e40-4ddc-b383-4770b45211ca	07e61f72-cb35-4b12-b7c1-fa08afcc0011
536	PARTIAL_MATCH	612eb8d2-14d4-4303-be17-a366fdf6a009	854e5c73-fcff-46f7-b465-b22326fdb001
537	NEW	fe349648-2d36-4489-b1ec-9379363c4178	fe349648-2d36-4489-b1ec-9379363c4178
538	PERFECT_MATCH	6a712d53-d810-41a5-9c0b-4e57412b53a6	43e5b5ef-4c27-483d-bb65-d4fd5f300f13
539	NEW	ac87cc50-673c-428c-9456-ce7cfb080161	ac87cc50-673c-428c-9456-ce7cfb080161
540	NEW	4b5b128f-4be2-4303-bc6a-0b6ed65b9df6	4b5b128f-4be2-4303-bc6a-0b6ed65b9df6
541	PARTIAL_MATCH	0e7500c7-e192-4730-b384-15eee8094666	d89b12a3-3437-4d10-a92d-fac72f960769
542	PARTIAL_MATCH	b6f752c8-1640-4ba4-9301-4b5c5145a894	d740ec87-b670-4bba-a4d2-30336d9dcbb2
543	PERFECT_MATCH	a87f6568-e25b-4eb6-b81c-95c79d61f905	d6a813a6-26ef-488e-87a3-e4481439484d
544	NEW	f1858bf8-f869-4af9-acd0-c3378d37e8fb	f1858bf8-f869-4af9-acd0-c3378d37e8fb
545	PARTIAL_MATCH	d2902cbf-d505-4ce6-ab6e-7d37dd523466	939dcfbc-2fa0-46fd-b3f6-602b0ebc299a
546	PERFECT_MATCH	2899acb1-b579-4d06-aab0-ade7169808d0	9242184e-ea76-4e9a-a48c-9bbb87d78920
547	PERFECT_MATCH	b5fb7786-676a-4996-9579-0423b3c396bf	37a05e02-ff08-4de3-bab5-474e615f76fe
548	PARTIAL_MATCH	1f571eb9-625c-41fd-a503-517c1c18469a	b956c24e-b596-4845-afc3-9792e2b44b9d
549	PARTIAL_MATCH	4feb4720-41a8-4f09-aadd-f50f64b28770	ee05437d-0187-4e81-a724-011837674397
550	PARTIAL_MATCH	c208939b-3166-4f1e-a55b-451aea6118c2	f230aeb6-1f2b-4276-9f28-910c18794bfe
551	PARTIAL_MATCH	dd33261b-7bf7-4fec-80ae-812d21455859	03ac25e3-7e6b-48ae-9bb1-728b43087464
552	NEW	bc2a8d1c-2a52-4b3c-9d68-db739c431a8b	bc2a8d1c-2a52-4b3c-9d68-db739c431a8b
553	PARTIAL_MATCH	e4f4b5ed-03fb-41be-9b68-ba5c3e4af845	e99aa5aa-3b44-475a-b9a7-6ed2be9406d1
554	PARTIAL_MATCH	79d3b183-837a-4c6f-9658-5149985b7eac	ed5eefbd-14bc-4764-9cfd-7033aca94ff9
555	NEW	07b72e32-e323-4405-b62d-a1ed23dc2f88	07b72e32-e323-4405-b62d-a1ed23dc2f88
556	PERFECT_MATCH	98df4d1e-fa65-487d-b12d-2f3596a91b1f	70501947-2a7d-41ad-abd8-d8981f897c40
557	NEW	12a8999a-3713-41ab-9f83-8fd76e0578fa	12a8999a-3713-41ab-9f83-8fd76e0578fa
558	NEW	6edf6983-fbcf-45a9-8778-a282e059dff4	6edf6983-fbcf-45a9-8778-a282e059dff4
559	NEW	d849690f-700d-4815-898c-2e2c83d05d57	d849690f-700d-4815-898c-2e2c83d05d57
560	NEW	a8978a8d-1aa7-45c4-9fd6-9ea6af2a4ce8	a8978a8d-1aa7-45c4-9fd6-9ea6af2a4ce8
561	PARTIAL_MATCH	06b679a9-d6d2-4d91-9c61-0c45af9cddec	bbf9f6bf-939a-45c0-b547-b60a094277db
562	NEW	8ce619d8-cd57-4918-a3cf-c4bac029fcb1	8ce619d8-cd57-4918-a3cf-c4bac029fcb1
563	NEW	e458d602-b26f-426c-a086-54051a235588	e458d602-b26f-426c-a086-54051a235588
564	NEW	557bfdcd-995f-4a4b-b735-70bdf2c070c1	557bfdcd-995f-4a4b-b735-70bdf2c070c1
565	PERFECT_MATCH	6bfc3718-0d6d-46d7-951a-ec9fe6929231	29c541b8-c5e7-4702-a7cd-3e658b74873e
566	PARTIAL_MATCH	87c43580-c55d-4b26-9a7d-436b953d3458	ec4160f6-5df7-414c-97b1-df3fd7d7e4ed
567	NEW	3486fb6b-4bb5-49d2-8d30-1af90823fcf3	3486fb6b-4bb5-49d2-8d30-1af90823fcf3
568	PERFECT_MATCH	057f384d-5094-41dd-a9cd-d2140104d9fc	85cc7ee9-897d-4628-acea-368fa3cd778c
569	PERFECT_MATCH	d1548485-482f-431b-bdcb-b78af1f81d73	c76ce24c-1520-4608-9d3e-b9ed2b662b7c
570	NEW	a688d82c-20a6-4c2d-af53-fade3602174c	a688d82c-20a6-4c2d-af53-fade3602174c
571	NEW	bf0f53d6-f43f-43fa-84b8-e4301867c3bb	bf0f53d6-f43f-43fa-84b8-e4301867c3bb
572	PARTIAL_MATCH	c45c694b-487c-4ef5-b61f-f7563fc7eba1	30979dff-ffc8-452b-b73e-b06d0c6935d9
573	NEW	d126f25b-ac00-4576-bc91-c483f1a072c3	d126f25b-ac00-4576-bc91-c483f1a072c3
574	PARTIAL_MATCH	3fee82e3-7068-40b7-bdc1-e5f09fa4087f	7696681b-3fe5-4d75-8461-853f4c19a511
575	PERFECT_MATCH	0e3a0a75-4a9b-448e-b7c8-f53eb87f078f	1e720b9f-cafc-4d92-918c-197a48d8ac42
576	PERFECT_MATCH	13b7e823-8350-49d4-b6ff-b868bd1c4080	4ffc5eb9-b8e8-4a0a-b533-75999035a049
577	PERFECT_MATCH	825a59ae-0430-42d0-9130-094ec750950a	43a914ef-9892-441b-b070-ef89c5e9bcce
578	NEW	16b6e1cd-59ec-4784-8484-0727eec3d861	16b6e1cd-59ec-4784-8484-0727eec3d861
579	NEW	a080c829-2765-42a2-b7a7-6c1a1dfbb253	a080c829-2765-42a2-b7a7-6c1a1dfbb253
580	NEW	9b681067-8629-4cba-8c9e-71996cce72c0	9b681067-8629-4cba-8c9e-71996cce72c0
581	PERFECT_MATCH	cccf7d1c-8c21-47c8-b370-858d4e05bda0	18a932ee-effc-4ff8-90a1-e32a98d12018
582	NEW	24ab5f4d-cb3d-49f3-b577-7972521f39e3	24ab5f4d-cb3d-49f3-b577-7972521f39e3
583	PERFECT_MATCH	3b5f898b-f7f3-49c0-a2b2-229fce56095c	63c532af-c126-4254-8d72-6d93eae3537c
584	PERFECT_MATCH	a9da7aa5-a39e-4c81-b6d3-1d4d8641cf92	c144e2da-44f5-4e62-a544-a68f5663c2a5
585	NEW	0d834425-5225-48c1-9b5b-9b6f1cc64f65	0d834425-5225-48c1-9b5b-9b6f1cc64f65
586	PARTIAL_MATCH	fd9542f1-bbfa-4bc0-b7f2-e152774d5ff5	19263e6c-d8eb-4881-a64c-e2bce2cee304
587	NEW	728044d1-3258-4bf7-bdfe-335cb522d398	728044d1-3258-4bf7-bdfe-335cb522d398
588	NEW	3df5f4b5-f465-41cd-b179-217621d66299	3df5f4b5-f465-41cd-b179-217621d66299
589	NEW	3c50c324-3b41-47da-94b7-cd46b58017e9	3c50c324-3b41-47da-94b7-cd46b58017e9
590	NEW	6c4897a3-d0ab-41d0-bf9d-ff51b89440f8	6c4897a3-d0ab-41d0-bf9d-ff51b89440f8
591	PARTIAL_MATCH	a6d38ec5-e485-4ac2-b804-7d81d038d554	81d7a96f-54bb-484b-a44b-a8282dd17a1c
592	NEW	87a83e5a-b7cf-4392-bb4b-784ae42bc510	87a83e5a-b7cf-4392-bb4b-784ae42bc510
593	NEW	d9d5bdaf-0fe9-4d4f-bf56-980bc2ec2e08	d9d5bdaf-0fe9-4d4f-bf56-980bc2ec2e08
594	PERFECT_MATCH	553ef942-c108-4a64-8535-86d2e6595b3a	12172313-1c4b-489b-b581-0d59453ec245
595	PARTIAL_MATCH	aa3ea8c4-530e-4f9e-9c4a-1b484bd622ec	a780d16c-de21-40ab-8aa1-28d3f138b847
596	NEW	e39be4ad-7715-40c1-a58b-048bd4c02088	e39be4ad-7715-40c1-a58b-048bd4c02088
597	PARTIAL_MATCH	884c4fc2-64f9-4572-b025-3e3b3110746a	ca82bf5d-6465-4fa4-a032-292a356433bf
598	NEW	0dc547f5-cb11-4e98-874f-c800487a5759	0dc547f5-cb11-4e98-874f-c800487a5759
599	NEW	518c79ac-78a1-4349-bffb-b68ab8472a53	518c79ac-78a1-4349-bffb-b68ab8472a53
600	NEW	1b98a457-60ba-426f-97d9-dcd85eb4e705	1b98a457-60ba-426f-97d9-dcd85eb4e705
601	PERFECT_MATCH	b7214b32-f513-4842-9ce0-10ddcf57c297	1952d1a4-3f37-443b-9a3a-b906dc2f585c
602	NEW	845aa259-f5a1-46f5-98fa-2c625d4e8cfa	845aa259-f5a1-46f5-98fa-2c625d4e8cfa
603	PERFECT_MATCH	da01b59c-faf2-41f7-8287-399425675d9f	45c3713c-9df9-4ac0-8678-8f46d240f9a9
604	PERFECT_MATCH	62776f36-d7f7-4ace-b468-ed7e3eb5c6fd	841779b8-4e61-413e-b353-f4836f5eae1b
605	NEW	ee4c3f12-5983-4fbf-9ad6-7fc28dff5a3c	ee4c3f12-5983-4fbf-9ad6-7fc28dff5a3c
606	NEW	6b8e25ec-062a-4401-8ca7-6d4c8169a896	6b8e25ec-062a-4401-8ca7-6d4c8169a896
607	NEW	1a0872a9-6136-4de8-8959-511bc5e2cd13	1a0872a9-6136-4de8-8959-511bc5e2cd13
608	PARTIAL_MATCH	93e55142-dbf8-4539-b352-6561e231c9ad	9399ca9b-2b46-43d6-a292-418b0942c274
609	NEW	a307be47-4441-4c2e-8452-b41d86120dd1	a307be47-4441-4c2e-8452-b41d86120dd1
610	PARTIAL_MATCH	970006ec-3fc7-4fe3-8208-0ce3be8f454c	92a0c04f-aed0-43eb-b977-6dd62ac8477b
611	NEW	438588ca-b9f4-4bb8-a3d2-c9f275a28c4b	438588ca-b9f4-4bb8-a3d2-c9f275a28c4b
612	NEW	c81a6e4c-e9b0-4f9b-9573-314ef4bb92b8	c81a6e4c-e9b0-4f9b-9573-314ef4bb92b8
613	NEW	7c449769-6b7d-4016-b60d-85ae997d8ca8	7c449769-6b7d-4016-b60d-85ae997d8ca8
614	PERFECT_MATCH	cf401407-8a86-45a6-b1b0-e6d4a6f36094	8edacde7-f746-4e8b-b684-0cc870a4264c
615	PERFECT_MATCH	ab0df700-78b5-487a-85fa-b6019ad8e28d	774fbdff-b6f4-40b6-9971-166001cc21ed
616	NEW	6a190616-7e92-49b8-8dbb-b9b59e5f49a4	6a190616-7e92-49b8-8dbb-b9b59e5f49a4
617	PARTIAL_MATCH	cc82872f-5985-4fa1-b046-a53f8bfe0834	469e4ec0-d230-40c6-a567-6ca25a1fa552
618	PERFECT_MATCH	9699149f-8403-4123-a4ca-5bca25fb7875	d5d31dc2-804e-4e89-a942-b6746eea9ed7
619	PERFECT_MATCH	63565173-9cde-487f-89a5-633aff7e1520	9b17ff95-bd97-4449-b9bd-26bc02b55326
620	NEW	b1f343ca-be0c-473f-9a9f-a7aff7a790f8	b1f343ca-be0c-473f-9a9f-a7aff7a790f8
621	PERFECT_MATCH	ba2b0a13-7582-4f83-834f-a9c7bb4e1cbf	ff9822ff-98ea-4d66-8108-c1f78c1179c8
622	NEW	4da8119e-eaa6-4c48-b320-5fa08cc18050	4da8119e-eaa6-4c48-b320-5fa08cc18050
623	NEW	0cd84de0-bd98-46b7-abcd-b72888a06cb4	0cd84de0-bd98-46b7-abcd-b72888a06cb4
624	PARTIAL_MATCH	159bdf1d-db0c-4097-8f6d-3b8853ecd573	c6ec0517-cf09-4b9d-a862-71e24e018c87
625	PERFECT_MATCH	e3b41ab5-2d1d-485d-86c2-fd7cb632a73e	2b08de2c-6df4-432a-95c3-196bc13416f9
626	PERFECT_MATCH	5bc2eb5e-2660-4388-88df-be992a642246	337e1b42-b4aa-4ddf-ab08-1ceb06458c70
627	PARTIAL_MATCH	83dad5fd-47e6-4d60-b0a3-7108c1da6343	6be827ba-a7b3-4541-9b9a-9b7068f54580
628	NEW	4c35c4f3-32b6-44ff-abc3-c180abb6904e	4c35c4f3-32b6-44ff-abc3-c180abb6904e
629	PERFECT_MATCH	4d2c202b-fc57-427d-939a-1f66e9efd603	a55440d7-ad2f-4045-850c-b6edf0c1cee4
630	NEW	a3722b9d-912e-4acf-a95b-1138795c2562	a3722b9d-912e-4acf-a95b-1138795c2562
631	NEW	4e916e79-02cd-4b1d-a07d-866999371bb6	4e916e79-02cd-4b1d-a07d-866999371bb6
632	NEW	e09d592c-bf26-4428-baa0-20905217e590	e09d592c-bf26-4428-baa0-20905217e590
633	PERFECT_MATCH	c1cdefa8-1049-430b-8400-6c33d88596b6	1620449a-e3a6-4cee-a5a8-4751c56c2b4e
634	NEW	f3354c4f-3760-461e-adb6-8c784304fa29	f3354c4f-3760-461e-adb6-8c784304fa29
635	PARTIAL_MATCH	1401a32a-9210-40cf-ba65-643aefc411cb	6348d976-92d3-4dd4-a668-6143378b441f
636	NEW	56a9a270-4834-48f8-971e-86d6d78731fd	56a9a270-4834-48f8-971e-86d6d78731fd
637	PARTIAL_MATCH	328bb643-d651-4d57-96ea-56524681d972	bd9c560c-d477-40d5-a716-faafc71767b2
638	PARTIAL_MATCH	28f340e8-b450-4b80-a4ba-d3f610dc2c3e	601d5879-c638-48e2-8ea0-30601ab222ca
639	PERFECT_MATCH	ef98ba08-aa90-4d74-aa84-bd8256d556d6	312bcbac-4840-454c-9510-cc1888c9c047
640	PARTIAL_MATCH	1fa48681-c8fd-4383-9f4d-f462e00352f9	ad136aa8-4e19-4eb6-996e-ad6f7d2e19bc
641	PARTIAL_MATCH	318a8158-88aa-4864-81bf-d27713e2a593	712f6a14-3761-4375-a550-0672e94e175e
642	PERFECT_MATCH	2a69d03a-4dcd-41de-81a6-87a282c39f11	f6d24c30-3b9e-42f2-b4e8-f272a58f3fdd
643	NEW	ee1a817f-c4b3-49bf-8df1-49a1c54ac810	ee1a817f-c4b3-49bf-8df1-49a1c54ac810
644	NEW	d938f535-fc05-452a-8c38-e8551e1340c6	d938f535-fc05-452a-8c38-e8551e1340c6
645	NEW	3fe970fa-9fd8-443a-91ea-238f6128a736	3fe970fa-9fd8-443a-91ea-238f6128a736
646	PERFECT_MATCH	558efc26-9b00-4d07-89ad-9df297c985a7	aa545fd6-34f0-41e0-b007-1ff6a7bf27e1
647	PERFECT_MATCH	51fa5157-9ce8-4ab3-8a99-576f2ff39d60	c7be37af-d51a-4c5c-b05f-25c2195fc1ec
648	NEW	fc01df36-e2fb-4719-8541-1e728c41de44	fc01df36-e2fb-4719-8541-1e728c41de44
649	NEW	8820dc52-a81a-4688-80b8-e9337a0fb19c	8820dc52-a81a-4688-80b8-e9337a0fb19c
650	NEW	632be3fc-4329-43e0-b4fd-34a09ff8447e	632be3fc-4329-43e0-b4fd-34a09ff8447e
651	PERFECT_MATCH	9cb99080-8158-4674-ab47-c3a0ddb169b3	4bfd4a3f-fbe2-4d59-a18e-e5d04633a4a5
652	PERFECT_MATCH	ecd66db3-2189-4332-9637-d10f6e2eb261	b178a89c-689b-4fbc-8814-fce3f2bbdf58
653	PERFECT_MATCH	7e62e553-6116-4501-aae2-6d833631f78e	a40397b4-4f75-4670-8d7c-63ebe129e141
654	PERFECT_MATCH	920b5458-a4cb-4e36-a2bd-ed37d68fb7cf	5315f375-6eb9-4417-b8ce-cf86e00aecec
655	NEW	c3299226-a742-47df-ae4b-858f27adae01	c3299226-a742-47df-ae4b-858f27adae01
656	PERFECT_MATCH	50c837e1-cca3-4136-9598-17714efa8755	75893c01-c054-4f8e-b6af-d7271a720542
657	PERFECT_MATCH	94e796c2-4d22-4a00-ba0c-8882fd8cfb5a	cba80bf2-bae6-492e-94d3-2a945c9dd082
658	NEW	b34d5a86-7695-44ee-8ebd-350c93fd77f9	b34d5a86-7695-44ee-8ebd-350c93fd77f9
659	PERFECT_MATCH	92bafad3-7d95-48d1-8c15-92260a08e175	a4ef231f-a633-459c-970e-43fa5290e123
660	NEW	0d41c45d-a979-4cf7-a349-57f8cbd0d68d	0d41c45d-a979-4cf7-a349-57f8cbd0d68d
661	PARTIAL_MATCH	6b4ba48b-6c1a-47cb-acbd-6d8b688a8d29	aebc3726-a647-4037-9ac8-eec4b7c7c806
662	NEW	d84f730d-d923-43fc-86a5-47528fdf36d0	d84f730d-d923-43fc-86a5-47528fdf36d0
663	PERFECT_MATCH	6843bbb1-69b1-4127-963b-604a12807d76	dd905acb-cdc6-4c32-b46f-95a1d65ea854
664	PERFECT_MATCH	4dbf5088-2e1c-4a38-8418-d846d4018a7e	22a85803-372f-4438-94a4-b3e8c9f4f2f0
665	PARTIAL_MATCH	74665f0c-fe1c-477a-a49d-770049d3f2cf	e313cee3-3547-47bc-8e6e-7cbb8fd6f445
666	PARTIAL_MATCH	993fe881-7726-49f1-8d76-6d1d759dcf62	d773026f-6a88-4dea-95a0-f6718589b608
667	NEW	8b961a45-c64a-43bd-8147-841b4db0988e	8b961a45-c64a-43bd-8147-841b4db0988e
668	PERFECT_MATCH	9558437c-456b-4545-ab3e-489ddc13ee6d	52ec74ec-ac75-4aab-aa16-c0de526d6d12
669	NEW	9640f99e-d547-4920-ae7c-9d870101880b	9640f99e-d547-4920-ae7c-9d870101880b
670	PERFECT_MATCH	b3199ed6-a6e8-4e9c-832f-504e5a09d596	4bf3f600-258b-4bad-ad13-b5e856c3f6fa
671	NEW	2f214b12-4f63-4285-adce-b9f6b8cf1c1d	2f214b12-4f63-4285-adce-b9f6b8cf1c1d
672	PARTIAL_MATCH	e1c3cb44-7081-4149-a960-e02e1c673c41	487fe375-329d-4451-900f-6c3ebb244859
673	PERFECT_MATCH	84dde681-30b2-4507-b39c-e8a7a44fc8d3	fd893322-8de2-4f7b-bfeb-e9fe6702c0e1
674	NEW	e291fe07-6f32-4552-b520-753ed97a370f	e291fe07-6f32-4552-b520-753ed97a370f
675	NEW	38dcb4d3-787b-45cd-b288-4ac90c4c8a83	38dcb4d3-787b-45cd-b288-4ac90c4c8a83
676	PERFECT_MATCH	4d9488a2-1a81-4cc2-83a3-cc262b890c83	ddc1b50b-dc97-47be-865c-4061e0aa61d5
677	PARTIAL_MATCH	fb44002d-b02e-438c-862e-22a8f94cc599	2ab5d7da-1b8e-44d4-b6ff-f180f77651f8
678	PERFECT_MATCH	b7bf1ced-0e4e-4618-97d3-38bdb1cbcddd	fa8a74b3-d4ca-43f4-a1b5-15773d108419
679	NEW	17276585-481d-4259-8c08-df4c2abd67bc	17276585-481d-4259-8c08-df4c2abd67bc
680	PARTIAL_MATCH	03abd08a-0f2e-45d9-afee-32456d5a0495	0ec8bbf3-e7db-415a-bccd-e69cbe04ced4
681	PARTIAL_MATCH	aa25a31a-c6d5-4119-b536-346a44097c63	c8fd41a8-c7e5-44de-a20b-c33742163270
682	PARTIAL_MATCH	e51aaa1b-6b68-4e3a-8e99-936d07ff8714	6e4b2a1e-3191-46d9-8cdb-c73d270d66bc
683	PERFECT_MATCH	3d79afef-b91d-4bef-a5a6-4ce857d961f2	ba0e3805-0331-45f8-b238-af525550de0c
684	PARTIAL_MATCH	7574a5f4-a370-43f0-bb3e-4740175021c3	0f81932a-6d23-4960-b57b-25decc790d35
685	PARTIAL_MATCH	503a5a9f-1e6d-40da-81b7-4fbfe602197c	96d1230e-f2b7-4e7f-bbb0-85071c3a6068
686	NEW	b853f7c0-cb74-45d1-99eb-386a9e15cef9	b853f7c0-cb74-45d1-99eb-386a9e15cef9
687	NEW	a37ec900-8f86-4d8e-b03f-1146c0e3fd8d	a37ec900-8f86-4d8e-b03f-1146c0e3fd8d
688	PARTIAL_MATCH	5e88e3fb-7aae-49e8-b021-1208d3eb4fdf	ca64c392-01b5-4870-b49d-3c9934b6c41f
689	NEW	5fd0d969-15c6-4e2c-8313-ac46a7c7760e	5fd0d969-15c6-4e2c-8313-ac46a7c7760e
690	NEW	cffae3fe-45d8-45e3-b7f9-faddfb42052b	cffae3fe-45d8-45e3-b7f9-faddfb42052b
691	PARTIAL_MATCH	150425eb-e4a9-4aa2-8b5b-12948946dd0f	bba70b4d-1ed5-4ca1-a765-96939c5f6680
692	PERFECT_MATCH	8bc6f7b2-0ae1-4b3c-ba37-f74f6c14a6cd	9ab6ff69-75b6-4b3a-a19a-c5bbf4a3db4b
693	PERFECT_MATCH	0aaf3425-5a97-4982-a664-e1d7237d2dcf	01eb7b72-4689-458a-b632-37d7f0693cb2
694	PARTIAL_MATCH	4927e3c4-f5fb-4a2c-9719-de7973cf8cbf	71b7f005-53bb-42f6-a5be-a5055a278ea1
695	PARTIAL_MATCH	8bedc011-eea7-4222-9848-965360192726	915400f7-7e8c-411f-9b38-5141d067fd96
696	NEW	58a6c220-8e47-4a64-b78f-8b2a6cc54e81	58a6c220-8e47-4a64-b78f-8b2a6cc54e81
697	PARTIAL_MATCH	f62e7eb1-7a76-4966-8f86-a6c981fa3b83	23e1bdb3-a653-418d-ac5c-1121f844684c
698	PERFECT_MATCH	47145627-52c2-4dae-8a7d-0284899aa987	42714c98-41b9-4897-9928-919754014c1a
699	PERFECT_MATCH	f99544c6-9cfe-4bbe-b0c5-7c758ea8d622	0c16c193-0365-49df-9555-07c46d76256c
700	PARTIAL_MATCH	58f3b867-b7d9-4df0-a573-d1561eeaa1d7	ca26b5a3-9c65-40d6-8378-cf89d57cd0d0